wavelength (nm),flux (F_lambda)
115.0,42.407425
115.5,33.094707
116.0,28.105522
116.5,25.259573
117.0,23.153645
117.5,24.109468
118.0,24.315250
118.5,21.637413
119.0,15.523624
119.5,15.515518
120.0,14.822867
120.5,9.351143
121.0,3.558274
121.5,1.119698
122.0,3.599699
122.5,7.804561
123.0,7.713953
123.5,11.432046
124.0,27.092165
124.5,34.812096
125.0,28.976881
125.5,26.714216
126.0,27.774818
126.5,28.833733
127.0,30.116142
127.5,30.850407
128.0,30.438484
128.5,31.034836
129.0,31.457289
129.5,30.977301
130.0,29.491348
130.5,30.492313
131.0,32.370758
131.5,31.232496
132.0,29.531504
132.5,31.091269
133.0,31.309933
133.5,28.186846
134.0,26.719275
134.5,27.371384
135.0,28.054155
135.5,27.318346
136.0,26.515944
136.5,26.669899
137.0,26.033829
137.5,24.476685
138.0,21.890242
138.5,18.727989
139.0,19.659313
139.5,24.312500
140.0,29.305035
140.5,30.045202
141.0,26.677095
141.5,24.274874
142.0,24.378708
142.5,23.134026
143.0,23.735548
143.5,25.449806
144.0,24.470655
144.5,23.394642
145.0,22.774652
145.5,21.742226
146.0,21.503277
146.5,22.600733
147.0,23.983444
147.5,25.212008
148.0,26.115294
148.5,27.164072
149.0,28.095900
149.5,27.201332
150.0,24.502460
150.5,24.986588
151.0,26.657597
151.5,25.792690
152.0,24.660095
152.5,22.055025
153.0,19.058975
153.5,12.369664
154.0,7.832278
154.5,10.716280
155.0,21.291166
155.5,26.845823
156.0,22.731327
156.5,20.181852
157.0,20.239647
157.5,21.018057
158.0,20.371601
158.5,20.612638
159.0,20.629747
159.5,20.012148
160.0,18.424767
160.5,17.089897
161.0,16.416096
161.5,17.107100
162.0,17.167007
162.5,16.714413
163.0,16.258451
163.5,16.231470
164.0,16.311426
164.5,17.470190
165.0,18.163280
165.5,17.045876
166.0,16.717417
166.5,17.536158
167.0,17.893839
167.5,18.170853
168.0,19.636587
168.5,19.329304
169.0,18.207499
169.5,17.579361
170.0,17.296461
170.5,17.073406
171.0,16.228642
171.5,14.576410
172.0,14.694257
172.5,16.128902
173.0,17.354851
173.5,18.100166
174.0,17.262835
174.5,17.571491
175.0,17.757542
175.5,17.627384
176.0,18.551510
176.5,18.153305
177.0,17.653080
177.5,17.451771
178.0,17.611177
178.5,15.857885
179.0,11.025812
179.5,14.250124
180.0,16.412931
180.5,15.958702
181.0,15.565578
181.5,16.046961
182.0,16.934723
182.5,16.506197
183.0,16.148693
183.5,16.109179
184.0,15.945634
184.5,15.622842
185.0,15.041477
185.5,14.362033
186.0,14.398850
186.5,14.592279
187.0,14.083439
187.5,13.912041
188.0,14.302147
188.5,14.013246
189.0,13.895707
189.5,13.668299
190.0,13.240902
190.5,12.703928
191.0,12.442489
191.5,12.411217
192.0,11.874570
192.5,11.515812
193.0,11.953981
193.5,11.912534
194.0,11.673103
194.5,11.375293
195.0,11.494267
195.5,11.481780
196.0,10.681927
196.5,10.247885
197.0,10.701011
197.5,10.744381
198.0,10.093458
198.5,10.191929
199.0,9.344323
199.5,8.341738
200.0,9.144217
200.5,9.708358
201.0,9.695713
201.5,9.527818
202.0,8.556144
202.5,7.997608
203.0,8.014608
203.5,8.009953
204.0,7.640467
204.5,7.274504
205.0,6.317981
205.5,6.771051
206.0,6.659698
206.5,6.485349
207.0,6.374470
207.5,7.166002
208.0,6.782075
208.5,6.262462
209.0,5.954296
209.5,5.619604
210.0,6.125531
210.5,6.336325
211.0,5.997372
211.5,5.353892
212.0,5.200162
212.5,5.744336
213.0,5.709845
213.5,5.252420
214.0,4.797670
214.5,4.715477
215.0,4.370546
215.5,5.089490
216.0,4.736445
216.5,4.305620
217.0,4.169085
217.5,3.422689
218.0,3.436270
218.5,4.023036
219.0,4.458323
219.5,4.727329
220.0,4.794919
220.5,4.528313
221.0,4.066381
221.5,3.670109
222.0,3.900310
222.5,4.861063
223.0,4.326349
223.5,4.458086
224.0,4.097840
224.5,4.197453
225.0,5.582845
225.5,5.365613
226.0,4.626154
226.5,5.224051
227.0,5.072331
227.5,4.741222
228.0,4.778829
228.5,4.840281
229.0,5.110814
229.5,5.337291
230.0,5.399147
230.5,5.615145
231.0,6.008114
231.5,5.867641
232.0,5.904644
232.5,5.971664
233.0,6.838138
233.5,6.820606
234.0,6.796342
234.5,7.375274
235.0,7.462484
235.5,6.917085
236.0,6.625106
236.5,6.100817
237.0,6.894687
237.5,7.084087
238.0,7.410023
238.5,7.127030
239.0,6.139491
239.5,7.055869
240.0,7.765903
240.5,6.787018
241.0,6.248712
241.5,6.389081
242.0,6.740257
242.5,7.233955
243.0,7.419565
243.5,7.069197
244.0,7.098455
244.5,8.025084
245.0,7.706199
245.5,7.881846
246.0,8.873337
246.5,8.579753
247.0,8.376390
247.5,8.487758
248.0,8.291384
248.5,8.291246
249.0,7.262856
249.5,7.462488
250.0,8.557685
250.5,8.488048
251.0,7.919848
251.5,7.671072
252.0,7.561963
252.5,8.208413
253.0,8.272217
253.5,8.421222
254.0,8.493572
254.5,8.702281
255.0,8.818415
255.5,8.452409
256.0,8.449559
256.5,8.869862
257.0,8.773855
257.5,8.231565
258.0,7.014668
258.5,7.238880
259.0,7.941204
259.5,8.124684
260.0,7.978357
260.5,8.324503
261.0,9.035596
261.5,8.915917
262.0,8.785262
262.5,8.296761
263.0,8.578389
263.5,8.869298
264.0,8.237402
264.5,8.297419
265.0,8.485655
265.5,8.470433
266.0,7.857729
266.5,8.124451
267.0,8.089087
267.5,8.257996
268.0,8.195713
268.5,8.308826
269.0,8.356392
269.5,8.247478
270.0,8.187602
270.5,8.395635
271.0,8.335655
271.5,8.506427
272.0,8.435304
272.5,8.297269
273.0,8.184540
273.5,7.812904
274.0,7.688029
274.5,7.934096
275.0,8.003583
275.5,7.693751
276.0,7.680161
276.5,7.810261
277.0,7.617052
277.5,8.287591
278.0,8.367759
278.5,8.308491
279.0,8.467141
279.5,8.136704
280.0,7.775493
280.5,7.808554
281.0,7.756246
281.5,8.285589
282.0,8.891314
282.5,8.379792
283.0,7.550437
283.5,7.605997
284.0,8.330362
284.5,8.557723
285.0,8.545989
285.5,8.169869
286.0,8.248257
286.5,8.357473
287.0,8.299275
287.5,8.300476
288.0,8.449086
288.5,8.345662
289.0,8.629553
289.5,8.451286
290.0,8.074205
290.5,8.097342
291.0,8.428379
291.5,8.387275
292.0,7.970790
292.5,7.790362
293.0,7.900084
293.5,8.349111
294.0,8.156556
294.5,7.991913
295.0,8.017221
295.5,8.286983
296.0,8.403189
296.5,7.944617
297.0,7.859673
297.5,7.926118
298.0,8.053806
298.5,7.848180
299.0,7.794253
299.5,7.621831
300.0,7.651678
300.5,7.621460
301.0,7.575540
301.5,7.295222
302.0,7.586408
302.5,7.527031
303.0,7.139586
303.5,7.231963
304.0,7.558030
304.5,7.698891
305.0,7.827047
305.5,7.738121
306.0,7.361306
306.5,7.078155
307.0,7.202114
307.5,7.160220
308.0,7.466287
308.5,7.634934
309.0,7.855844
309.5,8.045078
310.0,7.807221
310.5,7.746077
311.0,7.326547
311.5,7.054332
312.0,6.777660
312.5,7.406250
313.0,7.976314
313.5,8.173423
314.0,8.173329
314.5,7.870514
315.0,7.834916
315.5,7.102836
316.0,6.711923
316.5,7.029160
317.0,8.173374
317.5,7.705692
318.0,7.086802
318.5,7.055284
319.0,7.023603
319.5,6.991781
320.0,6.959835
320.5,6.927795
321.0,6.895733
321.5,6.863729
322.0,6.831867
322.5,6.800225
323.0,6.768887
323.5,6.737935
324.0,6.707448
324.5,6.677509
325.0,6.648200
325.5,6.619551
326.0,6.591393
326.5,6.563506
327.0,6.535668
327.5,6.507659
328.0,6.479259
328.5,6.450248
329.0,6.420405
329.5,6.389510
330.0,6.357341
330.5,6.323767
331.0,6.289001
331.5,6.253345
332.0,6.217101
332.5,6.180569
333.0,6.144052
333.5,6.107850
334.0,6.072266
334.5,6.037601
335.0,6.004156
335.5,5.972142
336.0,5.941414
336.5,5.911732
337.0,5.882858
337.5,5.854556
338.0,5.826587
338.5,5.798715
339.0,5.770701
339.5,5.742308
340.0,5.713297
340.5,5.683497
341.0,5.652993
341.5,5.621934
342.0,5.590473
342.5,5.558759
343.0,5.526943
343.5,5.495174
344.0,5.463605
344.5,5.432384
345.0,5.401663
345.5,5.371558
346.0,5.342051
346.5,5.313087
347.0,5.284616
347.5,5.256586
348.0,5.228942
348.5,5.201634
349.0,5.174607
349.5,5.147811
350.0,5.121192
350.5,5.094706
351.0,4.989414
351.5,4.985306
352.0,4.952553
352.5,4.954184
353.0,4.892676
353.5,4.845538
354.0,4.814007
354.5,4.587391
355.0,4.764397
355.5,4.717180
356.0,4.712489
356.5,4.710567
357.0,4.498705
357.5,4.648416
358.0,4.576401
358.5,4.517880
359.0,4.542076
359.5,4.517005
360.0,4.496761
360.5,4.525572
361.0,4.532762
361.5,4.523765
362.0,4.495307
362.5,4.440233
363.0,4.405800
363.5,4.410686
364.0,4.477422
364.5,4.485550
365.0,4.462698
365.5,4.469739
366.0,4.451706
366.5,4.393899
367.0,4.357759
367.5,4.347364
368.0,4.342082
368.5,4.330791
369.0,4.264448
369.5,4.218603
370.0,4.161879
370.5,4.114015
371.0,4.118319
371.5,4.154870
372.0,4.153380
372.5,4.170592
373.0,4.188214
373.5,4.189288
374.0,4.306595
374.5,4.209097
375.0,4.026992
375.5,3.962586
376.0,3.989812
376.5,4.010306
377.0,3.909907
377.5,4.108999
378.0,4.335312
378.5,4.337678
379.0,4.071712
379.5,3.802136
380.0,3.978751
380.5,4.225565
381.0,4.214251
381.5,4.149306
382.0,4.085270
382.5,4.068363
383.0,3.919586
383.5,3.722685
384.0,3.938784
384.5,4.158281
385.0,4.187984
385.5,4.162157
386.0,4.109375
386.5,4.067517
387.0,4.077858
387.5,4.024016
388.0,3.882699
388.5,3.597227
389.0,3.511724
389.5,3.789827
390.0,3.926458
390.5,3.975184
391.0,3.949728
391.5,3.905879
392.0,3.852573
392.5,3.841339
393.0,3.773357
393.5,3.781025
394.0,3.873202
394.5,3.828063
395.0,3.792201
395.5,3.723078
396.0,3.541070
396.5,3.255591
397.0,3.105763
397.5,3.391574
398.0,3.546606
398.5,3.619766
399.0,3.628308
399.5,3.611261
400.0,3.580331
400.5,3.526620
401.0,3.522656
401.5,3.512000
402.0,3.423447
402.5,3.304236
403.0,3.364967
403.5,3.435334
404.0,3.443700
404.5,3.435549
405.0,3.396770
405.5,3.386131
406.0,3.395542
406.5,3.323464
407.0,3.251117
407.5,3.259472
408.0,3.261627
408.5,3.192139
409.0,3.105980
409.5,2.922164
410.0,2.699117
410.5,2.827610
411.0,3.056653
411.5,3.105893
412.0,3.120809
412.5,3.148464
413.0,3.156540
413.5,3.139805
414.0,3.090679
414.5,3.072163
415.0,3.054594
415.5,3.042259
416.0,3.015640
416.5,3.006965
417.0,3.030215
417.5,3.006694
418.0,2.940435
418.5,2.906496
419.0,2.887858
419.5,2.813051
420.0,2.772576
420.5,2.800559
421.0,2.831593
421.5,2.828809
422.0,2.808895
422.5,2.789940
423.0,2.789720
423.5,2.783812
424.0,2.776886
424.5,2.764400
425.0,2.729134
425.5,2.687893
426.0,2.669616
426.5,2.650532
427.0,2.644094
427.5,2.643003
428.0,2.630312
428.5,2.623858
429.0,2.628168
429.5,2.669662
430.0,2.657120
430.5,2.647848
431.0,2.628818
431.5,2.598858
432.0,2.585913
432.5,2.566941
433.0,2.515566
433.5,2.345432
434.0,2.201079
434.5,2.321410
435.0,2.485625
435.5,2.561296
436.0,2.534755
436.5,2.513844
437.0,2.503875
437.5,2.494794
438.0,2.463000
438.5,2.422601
439.0,2.412377
439.5,2.448491
440.0,2.449084
440.5,2.421753
441.0,2.384278
441.5,2.352483
442.0,2.322208
442.5,2.244542
443.0,2.212145
443.5,2.227051
444.0,2.285049
444.5,2.291810
445.0,2.298637
445.5,2.303937
446.0,2.286427
446.5,2.186984
447.0,2.097487
447.5,2.161899
448.0,2.226430
448.5,2.253192
449.0,2.251184
449.5,2.237247
450.0,2.227112
450.5,2.215672
451.0,2.200460
451.5,2.189641
452.0,2.188255
452.5,2.184676
453.0,2.158260
453.5,2.128580
454.0,2.067645
454.5,2.069376
455.0,2.098336
455.5,2.111652
456.0,2.111723
456.5,2.101775
457.0,2.102861
457.5,2.090610
458.0,2.087127
458.5,2.067857
459.0,2.045314
459.5,2.036406
460.0,2.009452
460.5,2.039368
461.0,2.031265
461.5,2.029106
462.0,2.030251
462.5,2.019481
463.0,2.009394
463.5,2.006690
464.0,1.983603
464.5,1.919982
465.0,1.882302
465.5,1.925515
466.0,1.953106
466.5,1.953605
467.0,1.942371
467.5,1.926558
468.0,1.902481
468.5,1.851681
469.0,1.861331
469.5,1.884487
470.0,1.869841
470.5,1.857101
471.0,1.829067
471.5,1.824006
472.0,1.831965
472.5,1.824048
473.0,1.819794
473.5,1.814210
474.0,1.809721
474.5,1.807919
475.0,1.794919
475.5,1.777269
476.0,1.754363
476.5,1.744872
477.0,1.743762
477.5,1.736354
478.0,1.695415
478.5,1.718435
479.0,1.718146
479.5,1.706355
480.0,1.683260
480.5,1.707292
481.0,1.707195
481.5,1.707870
482.0,1.696245
482.5,1.682852
483.0,1.680809
483.5,1.688756
484.0,1.683827
484.5,1.660887
485.0,1.616027
485.5,1.490948
486.0,1.356238
486.5,1.424238
487.0,1.545151
487.5,1.578952
488.0,1.580454
488.5,1.580222
489.0,1.582578
489.5,1.579663
490.0,1.576470
490.5,1.579623
491.0,1.592057
491.5,1.575336
492.0,1.531277
492.5,1.540217
493.0,1.574607
493.5,1.575042
494.0,1.566290
494.5,1.566997
495.0,1.564930
495.5,1.551194
496.0,1.537850
496.5,1.523201
497.0,1.518201
497.5,1.514381
498.0,1.504081
498.5,1.504743
499.0,1.504411
499.5,1.492887
500.0,1.472829
500.5,1.464388
501.0,1.447625
501.5,1.426016
502.0,1.439364
502.5,1.441981
503.0,1.440934
503.5,1.438883
504.0,1.427787
504.5,1.417882
505.0,1.415451
505.5,1.415927
506.0,1.409982
506.5,1.405858
507.0,1.400837
507.5,1.393039
508.0,1.383758
508.5,1.376965
509.0,1.379649
509.5,1.381270
510.0,1.372902
510.5,1.361395
511.0,1.355058
511.5,1.356481
512.0,1.356247
512.5,1.346229
513.0,1.338873
513.5,1.339241
514.0,1.336807
514.5,1.333591
515.0,1.329121
515.5,1.320772
516.0,1.308782
516.5,1.309414
517.0,1.306218
517.5,1.307614
518.0,1.304823
518.5,1.299740
519.0,1.296907
519.5,1.293850
520.0,1.286732
520.5,1.278744
521.0,1.270791
521.5,1.264469
522.0,1.258126
522.5,1.254299
523.0,1.253359
523.5,1.249460
524.0,1.237261
524.5,1.233095
525.0,1.225415
525.5,1.220672
526.0,1.216524
526.5,1.211298
527.0,1.205667
527.5,1.200365
528.0,1.193318
528.5,1.193941
529.0,1.190577
529.5,1.180991
530.0,1.175165
530.5,1.178442
531.0,1.184700
531.5,1.177475
532.0,1.165712
532.5,1.158595
533.0,1.154832
533.5,1.155111
534.0,1.149260
534.5,1.138519
535.0,1.135854
535.5,1.131326
536.0,1.126443
536.5,1.122658
537.0,1.120545
537.5,1.121123
538.0,1.115640
538.5,1.110663
539.0,1.110813
539.5,1.106103
540.0,1.097254
540.5,1.077200
541.0,1.049760
541.5,1.056684
542.0,1.084202
542.5,1.087761
543.0,1.088803
543.5,1.086978
544.0,1.079787
544.5,1.072835
545.0,1.067839
545.5,1.068168
546.0,1.067339
546.5,1.062818
547.0,1.063068
547.5,1.060378
548.0,1.050921
548.5,1.040113
549.0,1.040828
549.5,1.045653
550.0,1.041873
550.5,1.033264
551.0,1.027810
551.5,1.030755
552.0,1.022253
552.5,1.018086
553.0,1.016505
553.5,1.014550
554.0,1.012146
554.5,1.009450
555.0,1.006817
555.5,1.006289
556.0,1.004685
556.5,1.000684
557.0,0.990650
557.5,0.989376
558.0,0.988209
558.5,0.980862
559.0,0.965418
559.5,0.958666
560.0,0.969442
560.5,0.968958
561.0,0.963542
561.5,0.958079
562.0,0.956190
562.5,0.953693
563.0,0.949226
563.5,0.945907
564.0,0.944929
564.5,0.943787
565.0,0.940015
565.5,0.935019
566.0,0.929370
566.5,0.920804
567.0,0.910712
567.5,0.911659
568.0,0.912565
568.5,0.914409
569.0,0.912770
569.5,0.915435
570.0,0.904302
570.5,0.889619
571.0,0.891894
571.5,0.895658
572.0,0.888346
572.5,0.879540
573.0,0.877652
573.5,0.875130
574.0,0.868898
574.5,0.867199
575.0,0.867770
575.5,0.867169
576.0,0.865944
576.5,0.857633
577.0,0.849499
577.5,0.834978
578.0,0.813332
578.5,0.821682
579.0,0.829647
579.5,0.816737
580.0,0.807533
580.5,0.814803
581.0,0.816887
581.5,0.821173
582.0,0.829950
582.5,0.828165
583.0,0.827274
583.5,0.829501
584.0,0.825728
584.5,0.820778
585.0,0.820218
585.5,0.819424
586.0,0.818108
586.5,0.809967
587.0,0.777838
587.5,0.743201
588.0,0.770571
588.5,0.762355
589.0,0.711341
589.5,0.713916
590.0,0.757448
590.5,0.784392
591.0,0.785760
591.5,0.781123
592.0,0.776172
592.5,0.773332
593.0,0.776181
593.5,0.773256
594.0,0.762681
594.5,0.753713
595.0,0.750153
595.5,0.750087
596.0,0.750696
596.5,0.752553
597.0,0.748783
597.5,0.744445
598.0,0.740908
598.5,0.737592
599.0,0.736851
599.5,0.736292
600.0,0.732811
600.5,0.727561
601.0,0.725053
601.5,0.724484
602.0,0.721428
602.5,0.726950
603.0,0.719909
603.5,0.715512
604.0,0.705402
604.5,0.709402
605.0,0.708594
605.5,0.705244
606.0,0.704797
606.5,0.698744
607.0,0.696781
607.5,0.696369
608.0,0.693650
608.5,0.693172
609.0,0.691845
609.5,0.687695
610.0,0.685510
610.5,0.684932
611.0,0.683539
611.5,0.690204
612.0,0.678895
612.5,0.676189
613.0,0.673263
613.5,0.670530
614.0,0.669248
614.5,0.669082
615.0,0.668777
615.5,0.667629
616.0,0.664065
616.5,0.657914
617.0,0.650039
617.5,0.647534
618.0,0.651155
618.5,0.648719
619.0,0.646817
619.5,0.646212
620.0,0.643173
620.5,0.640349
621.0,0.641004
621.5,0.640402
622.0,0.639570
622.5,0.638652
623.0,0.634974
623.5,0.631273
624.0,0.632189
624.5,0.633628
625.0,0.634223
625.5,0.632916
626.0,0.629845
626.5,0.618278
627.0,0.613573
627.5,0.599996
628.0,0.578150
628.5,0.582139
629.0,0.600346
629.5,0.607724
630.0,0.607981
630.5,0.602872
631.0,0.598158
631.5,0.597668
632.0,0.598818
632.5,0.600736
633.0,0.600833
633.5,0.600237
634.0,0.597285
634.5,0.595180
635.0,0.593548
635.5,0.590622
636.0,0.588736
636.5,0.587092
637.0,0.584162
637.5,0.580838
638.0,0.579431
638.5,0.579664
639.0,0.580413
639.5,0.579637
640.0,0.572899
640.5,0.569246
641.0,0.568412
641.5,0.568842
642.0,0.568508
642.5,0.567213
643.0,0.567782
643.5,0.567374
644.0,0.564121
644.5,0.560484
645.0,0.558419
645.5,0.558512
646.0,0.558188
646.5,0.553225
647.0,0.551267
647.5,0.550265
648.0,0.548804
648.5,0.545748
649.0,0.544672
649.5,0.545705
650.0,0.547854
650.5,0.548668
651.0,0.549239
651.5,0.544591
652.0,0.541170
652.5,0.537228
653.0,0.534881
653.5,0.537392
654.0,0.537574
654.5,0.533731
655.0,0.525865
655.5,0.501563
656.0,0.462471
656.5,0.463864
657.0,0.505578
657.5,0.523878
658.0,0.527469
658.5,0.527442
659.0,0.525597
659.5,0.524684
660.0,0.525653
660.5,0.524245
661.0,0.518733
661.5,0.516560
662.0,0.518545
662.5,0.519442
663.0,0.515884
663.5,0.511999
664.0,0.508803
664.5,0.508153
665.0,0.506108
665.5,0.502868
666.0,0.501140
666.5,0.498581
667.0,0.490828
667.5,0.473147
668.0,0.467003
668.5,0.480812
669.0,0.489163
669.5,0.492254
670.0,0.488921
670.5,0.489271
671.0,0.488365
671.5,0.487138
672.0,0.487613
672.5,0.485974
673.0,0.483660
673.5,0.481575
674.0,0.478302
674.5,0.477723
675.0,0.477430
675.5,0.473634
676.0,0.471816
676.5,0.472361
677.0,0.471380
677.5,0.468260
678.0,0.467043
678.5,0.467558
679.0,0.466745
679.5,0.465530
680.0,0.465121
680.5,0.463335
681.0,0.461471
681.5,0.460540
682.0,0.458237
682.5,0.457231
683.0,0.456825
683.5,0.455742
684.0,0.451554
684.5,0.450410
685.0,0.449258
685.5,0.448085
686.0,0.446920
686.5,0.445765
687.0,0.444605
687.5,0.443413
688.0,0.442274
688.5,0.441125
689.0,0.440004
689.5,0.438878
690.0,0.437751
690.5,0.436633
691.0,0.435520
691.5,0.434429
692.0,0.433366
692.5,0.432335
693.0,0.431348
693.5,0.430309
694.0,0.429360
694.5,0.428364
695.0,0.427317
695.5,0.426267
696.0,0.425228
696.5,0.424203
697.0,0.423261
697.5,0.426941
698.0,0.424157
698.5,0.419816
699.0,0.415632
699.5,0.415781
700.0,0.415490
700.5,0.415934
701.0,0.414834
701.5,0.412935
702.0,0.411753
702.5,0.409765
703.0,0.409083
703.5,0.410001
704.0,0.409211
704.5,0.407314
705.0,0.405014
705.5,0.402838
706.0,0.391406
706.5,0.377899
707.0,0.390423
707.5,0.400009
708.0,0.399232
708.5,0.399299
709.0,0.399929
709.5,0.398271
710.0,0.396036
710.5,0.393918
711.0,0.394129
711.5,0.394714
712.0,0.393492
712.5,0.392222
713.0,0.390437
713.5,0.390091
714.0,0.388652
714.5,0.388377
715.0,0.387668
715.5,0.388079
716.0,0.384948
716.5,0.379559
717.0,0.373234
717.5,0.365642
718.0,0.362077
718.5,0.360272
719.0,0.362242
719.5,0.364839
720.0,0.363772
720.5,0.366246
721.0,0.372659
721.5,0.375175
722.0,0.374858
722.5,0.371047
723.0,0.366656
723.5,0.361567
724.0,0.360855
724.5,0.359961
725.0,0.358625
725.5,0.358067
726.0,0.358908
726.5,0.357525
727.0,0.356554
727.5,0.350040
728.0,0.349346
728.5,0.351482
729.0,0.349838
729.5,0.350797
730.0,0.350770
730.5,0.348173
731.0,0.348345
731.5,0.346536
732.0,0.347183
732.5,0.347446
733.0,0.344580
733.5,0.343737
734.0,0.344109
734.5,0.342013
735.0,0.340367
735.5,0.341179
736.0,0.339990
736.5,0.338009
737.0,0.337404
737.5,0.337216
738.0,0.335835
738.5,0.335372
739.0,0.335434
739.5,0.332722
740.0,0.331774
740.5,0.332759
741.0,0.331849
741.5,0.330776
742.0,0.329848
742.5,0.324437
743.0,0.323629
743.5,0.323598
744.0,0.323950
744.5,0.322568
745.0,0.322124
745.5,0.322251
746.0,0.321732
746.5,0.320560
747.0,0.317707
747.5,0.317736
748.0,0.317003
748.5,0.315756
749.0,0.314387
749.5,0.314361
750.0,0.313607
750.5,0.312552
751.0,0.312332
751.5,0.312011
752.0,0.310957
752.5,0.310386
753.0,0.309057
753.5,0.306950
754.0,0.305958
754.5,0.306758
755.0,0.305739
755.5,0.304802
756.0,0.303884
756.5,0.302969
757.0,0.302042
757.5,0.301121
758.0,0.300212
758.5,0.299288
759.0,0.298373
759.5,0.297453
760.0,0.296493
760.5,0.295537
761.0,0.294650
761.5,0.293771
762.0,0.292895
762.5,0.292023
763.0,0.291154
763.5,0.290290
764.0,0.289431
764.5,0.288576
765.0,0.287725
765.5,0.286879
766.0,0.286036
766.5,0.285195
767.0,0.284362
767.5,0.283538
768.0,0.282711
768.5,0.281903
769.0,0.281083
769.5,0.280267
770.0,0.279458
770.5,0.278657
771.0,0.277828
771.5,0.276994
772.0,0.276172
772.5,0.275318
773.0,0.274295
773.5,0.273695
774.0,0.272985
774.5,0.272027
775.0,0.272255
775.5,0.270999
776.0,0.270050
776.5,0.268713
777.0,0.268418
777.5,0.267987
778.0,0.267410
778.5,0.268350
779.0,0.267591
779.5,0.266642
780.0,0.265942
780.5,0.265468
781.0,0.264856
781.5,0.263759
782.0,0.263741
782.5,0.262725
783.0,0.261568
783.5,0.261317
784.0,0.260389
784.5,0.260298
785.0,0.260135
785.5,0.259923
786.0,0.258243
786.5,0.256888
787.0,0.256191
787.5,0.256591
788.0,0.254833
788.5,0.254666
789.0,0.253989
789.5,0.252629
790.0,0.251626
790.5,0.251668
791.0,0.251480
791.5,0.251624
792.0,0.250431
792.5,0.249290
793.0,0.247815
793.5,0.247819
794.0,0.247695
794.5,0.247404
795.0,0.246785
795.5,0.245871
796.0,0.244886
796.5,0.244443
797.0,0.243972
797.5,0.243793
798.0,0.242454
798.5,0.242172
799.0,0.242591
799.5,0.241895
800.0,0.239809
800.5,0.238718
801.0,0.237484
801.5,0.237954
802.0,0.238151
802.5,0.236461
803.0,0.236504
803.5,0.235294
804.0,0.234733
804.5,0.234429
805.0,0.234187
805.5,0.234655
806.0,0.234228
806.5,0.232615
807.0,0.232103
807.5,0.232056
808.0,0.231162
808.5,0.231074
809.0,0.231091
809.5,0.230137
810.0,0.229315
810.5,0.229248
811.0,0.228397
811.5,0.227880
812.0,0.227774
812.5,0.227122
813.0,0.225323
813.5,0.224323
814.0,0.223933
814.5,0.223130
815.0,0.222355
815.5,0.221177
816.0,0.219710
816.5,0.218061
817.0,0.219902
817.5,0.219330
818.0,0.218247
818.5,0.219247
819.0,0.219355
819.5,0.218129
820.0,0.219534
820.5,0.219847
821.0,0.219666
821.5,0.218383
822.0,0.216483
822.5,0.213315
823.0,0.208601
823.5,0.211010
824.0,0.211076
824.5,0.213689
825.0,0.214125
825.5,0.213221
826.0,0.211837
826.5,0.211993
827.0,0.212125
827.5,0.210432
828.0,0.209181
828.5,0.209552
829.0,0.208138
829.5,0.207845
830.0,0.207230
830.5,0.205691
831.0,0.204923
831.5,0.205877
832.0,0.205766
832.5,0.204724
833.0,0.204769
833.5,0.204249
834.0,0.204324
834.5,0.202970
835.0,0.201955
835.5,0.201327
836.0,0.200516
836.5,0.199771
837.0,0.200042
837.5,0.199678
838.0,0.198858
838.5,0.199710
839.0,0.199281
839.5,0.197246
840.0,0.195525
840.5,0.195460
841.0,0.195931
841.5,0.195977
842.0,0.195461
842.5,0.195902
843.0,0.195910
843.5,0.194162
844.0,0.192134
844.5,0.192876
845.0,0.193039
845.5,0.192682
846.0,0.192421
846.5,0.190901
847.0,0.190242
847.5,0.190412
848.0,0.190515
848.5,0.189939
849.0,0.189015
849.5,0.187230
850.0,0.184976
850.5,0.185348
851.0,0.186236
851.5,0.187427
852.0,0.187171
852.5,0.186572
853.0,0.185398
853.5,0.184197
854.0,0.182961
854.5,0.181500
855.0,0.181928
855.5,0.182481
856.0,0.183863
856.5,0.184673
857.0,0.182710
857.5,0.181843
858.0,0.180731
858.5,0.179803
859.0,0.177629
859.5,0.175074
860.0,0.175236
860.5,0.176629
861.0,0.178884
861.5,0.179779
862.0,0.179769
862.5,0.179001
863.0,0.180106
863.5,0.179311
864.0,0.176257
864.5,0.175644
865.0,0.175582
865.5,0.173270
866.0,0.170393
866.5,0.168352
867.0,0.169553
867.5,0.172489
868.0,0.174041
868.5,0.174646
869.0,0.174761
869.5,0.174090
870.0,0.175592
870.5,0.175699
871.0,0.174596
871.5,0.174555
872.0,0.175453
872.5,0.173477
873.0,0.171989
873.5,0.170060
874.0,0.167243
874.5,0.164007
875.0,0.160994
875.5,0.163230
876.0,0.166990
876.5,0.169818
877.0,0.169989
877.5,0.167931
878.0,0.168129
878.5,0.168004
879.0,0.168324
879.5,0.169151
880.0,0.168779
880.5,0.170259
881.0,0.168877
881.5,0.167477
882.0,0.168289
882.5,0.169747
883.0,0.167258
883.5,0.166562
884.0,0.164741
884.5,0.162510
885.0,0.159900
885.5,0.156996
886.0,0.152614
886.5,0.152650
887.0,0.156158
887.5,0.159427
888.0,0.162021
888.5,0.163276
889.0,0.163502
889.5,0.163108
890.0,0.163214
890.5,0.163311
891.0,0.162790
891.5,0.162216
892.0,0.163054
892.5,0.160535
893.0,0.169663
893.5,0.166161
894.0,0.166880
894.5,0.167919
895.0,0.168107
895.5,0.165881
896.0,0.165084
896.5,0.162805
897.0,0.162374
897.5,0.161991
898.0,0.160519
898.5,0.158857
899.0,0.153852
899.5,0.154190
900.0,0.153132
900.5,0.151078
901.0,0.150099
901.5,0.144721
902.0,0.145949
902.5,0.152094
903.0,0.154867
903.5,0.162799
904.0,0.162856
904.5,0.163248
905.0,0.163980
905.5,0.162220
906.0,0.158256
906.5,0.156890
907.0,0.155416
907.5,0.157159
908.0,0.155498
908.5,0.156419
909.0,0.154859
909.5,0.155983
910.0,0.157610
910.5,0.155955
911.0,0.156574
911.5,0.155211
912.0,0.152889
912.5,0.155750
913.0,0.150479
913.5,0.149861
914.0,0.152902
914.5,0.154114
915.0,0.152375
915.5,0.148080
916.0,0.153261
916.5,0.153135
917.0,0.152613
917.5,0.150181
918.0,0.146452
918.5,0.152430
919.0,0.153269
919.5,0.150634
920.0,0.152138
920.5,0.151201
921.0,0.151066
921.5,0.142887
922.0,0.142881
922.5,0.139054
923.0,0.135347
923.5,0.135647
924.0,0.138406
924.5,0.143599
925.0,0.146684
925.5,0.148777
926.0,0.152016
926.5,0.147684
927.0,0.152519
927.5,0.152724
928.0,0.149720
928.5,0.150363
929.0,0.150559
929.5,0.151414
930.0,0.145830
930.5,0.142975
931.0,0.141321
931.5,0.135380
932.0,0.132843
932.5,0.129557
933.0,0.131313
933.5,0.127449
934.0,0.123624
934.5,0.120604
935.0,0.127672
935.5,0.123506
936.0,0.127175
936.5,0.136664
937.0,0.130387
937.5,0.133534
938.0,0.132275
938.5,0.139715
939.0,0.148027
939.5,0.152921
940.0,0.150740
940.5,0.150597
941.0,0.145549
941.5,0.144150
942.0,0.141435
942.5,0.133316
943.0,0.129013
943.5,0.134860
944.0,0.124797
944.5,0.125015
945.0,0.138857
945.5,0.131906
946.0,0.124558
946.5,0.131722
947.0,0.131006
947.5,0.133450
948.0,0.130870
948.5,0.133348
949.0,0.140674
949.5,0.123944
950.0,0.127611
950.5,0.129058
951.0,0.141720
951.5,0.132505
952.0,0.125310
952.5,0.124912
953.0,0.124937
953.5,0.127459
954.0,0.122394
954.5,0.115632
955.0,0.118184
955.5,0.117221
956.0,0.124471
956.5,0.123257
957.0,0.124430
957.5,0.132120
958.0,0.134404
958.5,0.131448
959.0,0.124269
959.5,0.123794
960.0,0.130080
960.5,0.127488
961.0,0.126645
961.5,0.127717
962.0,0.124223
962.5,0.124727
963.0,0.126998
963.5,0.127527
964.0,0.124433
964.5,0.125255
965.0,0.129328
965.5,0.129722
966.0,0.118004
966.5,0.122341
967.0,0.123619
967.5,0.127063
968.0,0.123404
968.5,0.122656
969.0,0.127574
969.5,0.126045
970.0,0.120926
970.5,0.125014
971.0,0.124684
971.5,0.124655
972.0,0.124703
972.5,0.119824
973.0,0.118968
973.5,0.120051
974.0,0.118508
974.5,0.117908
975.0,0.117743
975.5,0.112322
976.0,0.116190
976.5,0.119360
977.0,0.118977
977.5,0.117086
978.0,0.115335
978.5,0.116575
979.0,0.120187
979.5,0.118689
980.0,0.118459
980.5,0.119678
981.0,0.117387
981.5,0.121094
982.0,0.113830
982.5,0.117422
983.0,0.116781
983.5,0.118512
984.0,0.117589
984.5,0.110065
985.0,0.114038
985.5,0.113183
986.0,0.125824
986.5,0.113245
987.0,0.110577
987.5,0.108313
988.0,0.123249
988.5,0.116161
989.0,0.115701
989.5,0.111534
990.0,0.115217
990.5,0.112960
991.0,0.108252
991.5,0.107446
992.0,0.110941
992.5,0.113089
993.0,0.108942
993.5,0.109266
994.0,0.102069
994.5,0.117043
995.0,0.112376
995.5,0.116347
996.0,0.093005
996.5,0.100454
997.0,0.110489
997.5,0.109211
998.0,0.112730
998.5,0.112499
999.0,0.115028
999.5,0.112503
1000.0,0.107171
1000.5,0.109815
1001.0,0.111760
1001.5,0.099220
1002.0,0.104636
1002.5,0.105739
1003.0,0.103727
1003.5,0.100483
1004.0,0.109826
1004.5,0.096570
1005.0,0.101163
1005.5,0.098702
1006.0,0.099368
1006.5,0.099603
1007.0,0.100165
1007.5,0.105414
1008.0,0.102701
1008.5,0.102111
1009.0,0.102928
1009.5,0.117448
1010.0,0.100348
1010.5,0.106894
1011.0,0.107882
1011.5,0.104163
1012.0,0.109977
1012.5,0.106674
1013.0,0.096551
1013.5,0.100787
1014.0,0.103219
1014.5,0.099678
1015.0,0.095951
1015.5,0.100940
1016.0,0.102000
1016.5,0.103411
1017.0,0.101632
1017.5,0.102169
1018.0,0.102090
1018.5,0.102012
1019.0,0.101939
1019.5,0.101869
1020.0,0.101801
1020.5,0.101730
1021.0,0.101656
1021.5,0.101576
1022.0,0.101491
1022.5,0.101397
1023.0,0.101294
1023.5,0.101181
1024.0,0.101055
1024.5,0.100916
1025.0,0.100762
1025.5,0.100592
1026.0,0.100407
1026.5,0.100211
1027.0,0.100005
1027.5,0.099791
1028.0,0.099572
1028.5,0.099349
1029.0,0.099126
1029.5,0.098903
1030.0,0.098684
1030.5,0.098289
1031.0,0.098103
1031.5,0.097919
1032.0,0.097736
1032.5,0.097554
1033.0,0.097371
1033.5,0.097188
1034.0,0.097004
1034.5,0.096817
1035.0,0.096629
1035.5,0.096438
1036.0,0.096245
1036.5,0.096052
1037.0,0.095859
1037.5,0.095668
1038.0,0.095480
1038.5,0.095297
1039.0,0.095119
1039.5,0.094948
1040.0,0.094785
1040.5,0.094630
1041.0,0.094483
1041.5,0.094344
1042.0,0.094209
1042.5,0.094080
1043.0,0.093954
1043.5,0.093831
1044.0,0.093708
1044.5,0.093586
1045.0,0.093462
1045.5,0.093337
1046.0,0.093209
1046.5,0.093079
1047.0,0.092948
1047.5,0.092816
1048.0,0.092682
1048.5,0.092548
1049.0,0.092413
1049.5,0.092277
1050.0,0.092142
1050.5,0.092006
1051.0,0.091870
1051.5,0.091734
1052.0,0.091598
1052.5,0.091462
1053.0,0.091326
1053.5,0.091190
1054.0,0.091054
1054.5,0.090918
1055.0,0.090782
1055.5,0.090646
1056.0,0.090509
1056.5,0.090373
1057.0,0.090237
1057.5,0.090101
1058.0,0.089964
1058.5,0.089828
1059.0,0.089692
1059.5,0.089555
1060.0,0.089419
1060.5,0.089283
1061.0,0.089146
1061.5,0.089010
1062.0,0.088873
1062.5,0.087852
1063.0,0.087694
1063.5,0.087536
1064.0,0.087378
1064.5,0.087220
1065.0,0.087061
1065.5,0.086904
1066.0,0.086746
1066.5,0.086588
1067.0,0.086430
1067.5,0.086272
1068.0,0.086115
1068.5,0.085957
1069.0,0.085800
1069.5,0.085642
1070.0,0.085485
1070.5,0.085328
1071.0,0.085171
1071.5,0.085014
1072.0,0.084857
1072.5,0.084700
1073.0,0.084543
1073.5,0.084386
1074.0,0.084230
1074.5,0.084073
1075.0,0.083917
1075.5,0.083760
1076.0,0.083604
1076.5,0.083448
1077.0,0.083291
1077.5,0.083135
1078.0,0.082979
1078.5,0.082824
1079.0,0.082668
1079.5,0.082512
1080.0,0.082357
1080.5,0.082201
1081.0,0.082046
1081.5,0.081890
1082.0,0.081735
1082.5,0.081580
1083.0,0.081425
1083.5,0.081270
1084.0,0.081115
1084.5,0.080960
1085.0,0.080806
1085.5,0.080651
1086.0,0.080497
1086.5,0.080342
1087.0,0.080188
1087.5,0.080034
1088.0,0.079880
1088.5,0.079726
1089.0,0.079572
1089.5,0.079418
1090.0,0.079265
1090.5,0.079111
1091.0,0.078958
1091.5,0.078804
1092.0,0.078651
1092.5,0.078498
1093.0,0.078345
1093.5,0.078192
1094.0,0.078039
1094.5,0.077886
1095.0,0.077734
1095.5,0.077581
1096.0,0.077429
1096.5,0.077277
1097.0,0.077125
1097.5,0.076972
1098.0,0.076821
1098.5,0.076669
1099.0,0.076517
1099.5,0.076365
1100.0,0.076214
1100.5,0.076063
1101.0,0.075911
1101.5,0.075760
1102.0,0.075609
1102.5,0.075458
1103.0,0.075308
1103.5,0.075157
1104.0,0.075007
1104.5,0.074856
1105.0,0.074706
1105.5,0.074556
1106.0,0.074406
1106.5,0.074256
1107.0,0.074106
1107.5,0.073956
1108.0,0.073807
1108.5,0.073658
1109.0,0.073508
1109.5,0.073359
1110.0,0.073210
1110.5,0.073061
1111.0,0.072912
1111.5,0.072764
1112.0,0.072615
1112.5,0.072467
1113.0,0.072319
1113.5,0.072171
1114.0,0.072023
1114.5,0.071875
1115.0,0.071727
1115.5,0.071580
1116.0,0.071432
1116.5,0.071285
1117.0,0.071138
1117.5,0.070991
1118.0,0.070844
1118.5,0.070697
1119.0,0.070550
1119.5,0.070404
1120.0,0.070258
1120.5,0.070111
1121.0,0.069965
1121.5,0.069819
1122.0,0.069674
1122.5,0.069528
1123.0,0.069383
1123.5,0.069237
1124.0,0.069092
1124.5,0.068947
1125.0,0.068802
1125.5,0.068658
1126.0,0.068513
1126.5,0.068369
1127.0,0.068224
1127.5,0.068080
1128.0,0.067936
1128.5,0.067792
1129.0,0.067649
1129.5,0.067505
1130.0,0.067362
1130.5,0.067218
1131.0,0.067075
1131.5,0.066932
1132.0,0.066790
1132.5,0.066647
1133.0,0.066505
1133.5,0.066362
1134.0,0.066220
1134.5,0.066078
1135.0,0.065936
1135.5,0.065795
1136.0,0.065653
1136.5,0.065512
1137.0,0.065371
1137.5,0.065230
1138.0,0.065089
1138.5,0.064948
1139.0,0.064808
1139.5,0.064667
1140.0,0.064527
1140.5,0.064387
1141.0,0.064247
1141.5,0.064108
1142.0,0.063968
1142.5,0.063829
1143.0,0.063690
1143.5,0.063551
1144.0,0.063412
1144.5,0.063273
1145.0,0.063135
1145.5,0.062996
1146.0,0.062858
1146.5,0.062720
1147.0,0.062582
1147.5,0.062445
1148.0,0.062307
1148.5,0.062170
1149.0,0.062033
1149.5,0.061896
1150.0,0.061759
1150.5,0.061623
1151.0,0.061486
1151.5,0.061350
1152.0,0.061214
1152.5,0.061078
1153.0,0.060943
1153.5,0.060807
1154.0,0.060672
1154.5,0.060537
1155.0,0.060402
1155.5,0.060267
1156.0,0.060132
1156.5,0.059998
1157.0,0.059864
1157.5,0.059730
1158.0,0.059596
1158.5,0.059462
1159.0,0.059329
1159.5,0.059196
1160.0,0.059063
1160.5,0.058930
1161.0,0.058797
1161.5,0.058665
1162.0,0.058532
1162.5,0.058400
1163.0,0.058268
1163.5,0.058137
1164.0,0.058005
1164.5,0.057874
1165.0,0.057743
1165.5,0.057612
1166.0,0.057481
1166.5,0.057351
1167.0,0.057220
1167.5,0.057090
1168.0,0.056960
1168.5,0.056831
1169.0,0.056701
1169.5,0.056572
1170.0,0.056443
1170.5,0.056314
1171.0,0.056185
1171.5,0.056057
1172.0,0.055928
1172.5,0.055800
1173.0,0.055672
1173.5,0.055545
1174.0,0.055417
1174.5,0.055290
1175.0,0.055163
1175.5,0.055036
1176.0,0.054910
1176.5,0.054783
1177.0,0.054657
1177.5,0.054531
1178.0,0.054405
1178.5,0.054280
1179.0,0.054154
1179.5,0.054029
1180.0,0.053904
1180.5,0.053779
1181.0,0.053655
1181.5,0.053531
1182.0,0.053407
1182.5,0.053283
1183.0,0.053159
1183.5,0.053036
1184.0,0.052913
1184.5,0.052790
1185.0,0.052667
1185.5,0.052544
1186.0,0.052422
1186.5,0.052300
1187.0,0.052178
1187.5,0.052057
1188.0,0.051935
1188.5,0.051814
1189.0,0.051693
1189.5,0.051573
1190.0,0.051452
1190.5,0.051332
1191.0,0.051212
1191.5,0.051092
1192.0,0.050972
1192.5,0.050853
1193.0,0.050734
1193.5,0.050615
1194.0,0.050497
1194.5,0.050378
1195.0,0.050260
1195.5,0.050142
1196.0,0.050024
1196.5,0.049907
1197.0,0.049790
1197.5,0.049673
1198.0,0.049556
1198.5,0.049439
1199.0,0.049323
1199.5,0.049207
1200.0,0.049091
1200.5,0.048976
1201.0,0.048861
1201.5,0.048745
1202.0,0.048631
1202.5,0.048516
1203.0,0.048402
1203.5,0.048288
1204.0,0.048174
1204.5,0.048060
1205.0,0.047947
1205.5,0.047834
1206.0,0.047721
1206.5,0.047608
1207.0,0.047496
1207.5,0.047384
1208.0,0.047272
1208.5,0.047160
1209.0,0.047049
1209.5,0.046938
1210.0,0.046827
1210.5,0.046717
1211.0,0.046606
1211.5,0.046496
1212.0,0.046386
1212.5,0.046277
1213.0,0.046167
1213.5,0.046058
1214.0,0.045950
1214.5,0.045841
1215.0,0.045733
1215.5,0.045625
1216.0,0.045517
1216.5,0.045409
1217.0,0.045302
1217.5,0.045195
1218.0,0.045089
1218.5,0.044982
1219.0,0.044876
1219.5,0.044770
1220.0,0.044664
1220.5,0.044559
1221.0,0.044454
1221.5,0.044349
1222.0,0.044244
1222.5,0.044140
1223.0,0.044036
1223.5,0.043932
1224.0,0.043829
1224.5,0.043725
1225.0,0.043622
1225.5,0.043520
1226.0,0.043417
1226.5,0.043315
1227.0,0.043213
1227.5,0.043111
1228.0,0.043010
1228.5,0.042909
1229.0,0.042808
1229.5,0.042707
1230.0,0.042607
1230.5,0.042507
1231.0,0.042407
1231.5,0.042307
1232.0,0.042208
1232.5,0.042109
1233.0,0.042010
1233.5,0.041912
1234.0,0.041813
1234.5,0.041715
1235.0,0.041618
1235.5,0.041520
1236.0,0.041423
1236.5,0.041326
1237.0,0.041229
1237.5,0.041133
1238.0,0.041036
1238.5,0.040940
1239.0,0.040845
1239.5,0.040749
1240.0,0.040654
1240.5,0.040559
1241.0,0.040464
1241.5,0.040370
1242.0,0.040276
1242.5,0.040182
1243.0,0.040088
1243.5,0.039995
1244.0,0.039901
1244.5,0.039808
1245.0,0.039716
1245.5,0.039623
1246.0,0.039531
1246.5,0.039439
1247.0,0.039347
1247.5,0.039256
1248.0,0.039165
1248.5,0.039074
1249.0,0.038983
1249.5,0.038893
1250.0,0.038803
1250.5,0.038713
1251.0,0.038623
1251.5,0.038533
1252.0,0.038444
1252.5,0.038355
1253.0,0.038267
1253.5,0.038178
1254.0,0.038090
1254.5,0.038002
1255.0,0.037914
1255.5,0.037827
1256.0,0.037739
1256.5,0.037652
1257.0,0.037566
1257.5,0.037479
1258.0,0.037393
1258.5,0.037307
1259.0,0.037221
1259.5,0.037135
1260.0,0.037050
1260.5,0.036965
1261.0,0.036880
1261.5,0.036795
1262.0,0.036711
1262.5,0.036627
1263.0,0.036543
1263.5,0.036459
1264.0,0.036376
1264.5,0.036293
1265.0,0.036210
1265.5,0.036127
1266.0,0.036045
1266.5,0.035962
1267.0,0.035880
1267.5,0.035799
1268.0,0.035717
1268.5,0.035636
1269.0,0.035555
1269.5,0.035474
1270.0,0.035393
1270.5,0.035313
1271.0,0.035233
1271.5,0.035153
1272.0,0.035073
1272.5,0.034994
1273.0,0.034915
1273.5,0.034836
1274.0,0.034757
1274.5,0.034678
1275.0,0.034600
1275.5,0.034522
1276.0,0.034444
1276.5,0.034367
1277.0,0.034289
1277.5,0.034212
1278.0,0.034135
1278.5,0.034059
1279.0,0.033982
1279.5,0.033906
1280.0,0.033830
1280.5,0.033754
1281.0,0.033678
1281.5,0.033603
1282.0,0.033528
1282.5,0.033453
1283.0,0.033379
1283.5,0.033304
1284.0,0.033230
1284.5,0.033156
1285.0,0.033082
1285.5,0.033009
1286.0,0.032935
1286.5,0.032862
1287.0,0.032789
1287.5,0.032717
1288.0,0.032644
1288.5,0.032572
1289.0,0.032500
1289.5,0.032428
1290.0,0.032357
1290.5,0.032285
1291.0,0.032214
1291.5,0.032143
1292.0,0.032073
1292.5,0.032002
1293.0,0.031932
1293.5,0.031862
1294.0,0.031792
1294.5,0.031722
1295.0,0.031653
1295.5,0.031584
1296.0,0.031515
1296.5,0.031446
1297.0,0.031378
1297.5,0.031309
1298.0,0.031241
1298.5,0.031173
1299.0,0.031106
1299.5,0.031038
1300.0,0.030971
1300.5,0.030904
1301.0,0.030837
1301.5,0.030771
1302.0,0.030704
1302.5,0.030638
1303.0,0.030572
1303.5,0.030506
1304.0,0.030441
1304.5,0.030375
1305.0,0.030310
1305.5,0.030245
1306.0,0.030181
1306.5,0.030116
1307.0,0.030052
1307.5,0.029988
1308.0,0.029924
1308.5,0.029860
1309.0,0.029797
1309.5,0.029733
1310.0,0.029670
1310.5,0.029607
1311.0,0.029545
1311.5,0.029482
1312.0,0.029420
1312.5,0.029358
1313.0,0.029296
1313.5,0.029234
1314.0,0.029173
1314.5,0.029112
1315.0,0.029051
1315.5,0.028990
1316.0,0.028929
1316.5,0.028869
1317.0,0.028809
1317.5,0.028749
1318.0,0.028689
1318.5,0.028629
1319.0,0.028570
1319.5,0.028510
1320.0,0.028451
1320.5,0.028392
1321.0,0.028334
1321.5,0.028275
1322.0,0.028217
1322.5,0.028159
1323.0,0.028101
1323.5,0.028044
1324.0,0.027986
1324.5,0.027929
1325.0,0.027872
1325.5,0.027815
1326.0,0.027758
1326.5,0.027702
1327.0,0.027645
1327.5,0.027589
1328.0,0.027533
1328.5,0.027478
1329.0,0.027422
1329.5,0.027367
1330.0,0.027312
1330.5,0.027257
1331.0,0.027202
1331.5,0.027147
1332.0,0.027093
1332.5,0.027039
1333.0,0.026985
1333.5,0.026931
1334.0,0.026877
1334.5,0.026824
1335.0,0.026770
1335.5,0.026717
1336.0,0.026664
1336.5,0.026612
1337.0,0.026559
1337.5,0.026507
1338.0,0.026455
1338.5,0.026403
1339.0,0.026351
1339.5,0.026299
1340.0,0.026248
1340.5,0.026197
1341.0,0.026146
1341.5,0.026095
1342.0,0.026044
1342.5,0.025994
1343.0,0.025943
1343.5,0.025893
1344.0,0.025843
1344.5,0.025794
1345.0,0.025744
1345.5,0.025695
1346.0,0.025645
1346.5,0.025596
1347.0,0.025548
1347.5,0.025499
1348.0,0.025450
1348.5,0.025402
1349.0,0.025354
1349.5,0.025306
1350.0,0.025258
1350.5,0.025210
1351.0,0.025163
1351.5,0.025116
1352.0,0.025069
1352.5,0.025022
1353.0,0.024975
1353.5,0.024928
1354.0,0.024882
1354.5,0.024836
1355.0,0.024790
1355.5,0.024744
1356.0,0.024698
1356.5,0.024653
1357.0,0.024607
1357.5,0.024562
1358.0,0.024517
1358.5,0.024472
1359.0,0.024428
1359.5,0.024383
1360.0,0.024339
1360.5,0.024295
1361.0,0.024251
1361.5,0.024207
1362.0,0.024163
1362.5,0.024120
1363.0,0.024076
1363.5,0.024033
1364.0,0.023990
1364.5,0.023948
1365.0,0.023905
1365.5,0.023862
1366.0,0.023820
1366.5,0.023778
1367.0,0.023736
1367.5,0.023694
1368.0,0.023652
1368.5,0.023611
1369.0,0.023570
1369.5,0.023529
1370.0,0.023488
1370.5,0.023447
1371.0,0.023406
1371.5,0.023365
1372.0,0.023325
1372.5,0.023285
1373.0,0.023245
1373.5,0.023205
1374.0,0.023165
1374.5,0.023126
1375.0,0.023086
1375.5,0.023047
1376.0,0.023008
1376.5,0.022969
1377.0,0.022930
1377.5,0.022892
1378.0,0.022853
1378.5,0.022815
1379.0,0.022777
1379.5,0.022739
1380.0,0.022701
1380.5,0.022664
1381.0,0.022626
1381.5,0.022589
1382.0,0.022552
1382.5,0.022515
1383.0,0.022478
1383.5,0.022441
1384.0,0.022404
1384.5,0.022368
1385.0,0.022332
1385.5,0.022296
1386.0,0.022260
1386.5,0.022224
1387.0,0.022188
1387.5,0.022153
1388.0,0.022117
1388.5,0.022082
1389.0,0.022047
1389.5,0.022012
1390.0,0.021977
1390.5,0.021943
1391.0,0.021908
1391.5,0.021874
1392.0,0.021840
1392.5,0.021806
1393.0,0.021772
1393.5,0.021738
1394.0,0.021705
1394.5,0.021671
1395.0,0.021638
1395.5,0.021605
1396.0,0.021572
1396.5,0.021539
1397.0,0.021506
1397.5,0.021474
1398.0,0.021441
1398.5,0.021409
1399.0,0.021377
1399.5,0.021345
1400.0,0.021313
1400.5,0.021281
1401.0,0.021250
1401.5,0.021218
1402.0,0.021187
1402.5,0.021156
1403.0,0.021125
1403.5,0.021094
1404.0,0.021063
1404.5,0.021032
1405.0,0.021002
1405.5,0.020972
1406.0,0.020942
1406.5,0.020912
1407.0,0.020882
1407.5,0.020852
1408.0,0.020822
1408.5,0.020793
1409.0,0.020763
1409.5,0.020734
1410.0,0.020705
1410.5,0.020676
1411.0,0.020647
1411.5,0.020619
1412.0,0.020590
1412.5,0.020562
1413.0,0.020533
1413.5,0.020505
1414.0,0.020477
1414.5,0.020449
1415.0,0.020422
1415.5,0.020394
1416.0,0.020366
1416.5,0.020339
1417.0,0.020312
1417.5,0.020285
1418.0,0.020258
1418.5,0.020231
1419.0,0.020204
1419.5,0.020178
1420.0,0.020151
1420.5,0.020125
1421.0,0.020099
1421.5,0.020072
1422.0,0.020047
1422.5,0.020021
1423.0,0.019995
1423.5,0.019969
1424.0,0.019944
1424.5,0.019919
1425.0,0.019893
1425.5,0.019868
1426.0,0.019843
1426.5,0.019819
1427.0,0.019794
1427.5,0.019769
1428.0,0.019745
1428.5,0.019721
1429.0,0.019696
1429.5,0.019672
1430.0,0.019648
1430.5,0.019624
1431.0,0.019601
1431.5,0.019577
1432.0,0.019554
1432.5,0.019530
1433.0,0.019507
1433.5,0.019484
1434.0,0.019461
1434.5,0.019438
1435.0,0.019415
1435.5,0.019392
1436.0,0.019370
1436.5,0.019347
1437.0,0.019325
1437.5,0.019303
1438.0,0.019281
1438.5,0.019259
1439.0,0.019237
1439.5,0.019215
1440.0,0.019194
1440.5,0.019172
1441.0,0.019151
1441.5,0.019129
1442.0,0.019108
1442.5,0.019087
1443.0,0.019066
1443.5,0.019045
1444.0,0.019025
1444.5,0.019004
1445.0,0.018984
1445.5,0.018963
1446.0,0.018943
1446.5,0.018923
1447.0,0.018903
1447.5,0.018883
1448.0,0.018863
1448.5,0.018843
1449.0,0.018823
1449.5,0.018804
1450.0,0.018784
1450.5,0.018765
1451.0,0.018746
1451.5,0.018727
1452.0,0.018708
1452.5,0.018689
1453.0,0.018670
1453.5,0.018651
1454.0,0.018633
1454.5,0.018614
1455.0,0.018596
1455.5,0.018578
1456.0,0.018560
1456.5,0.018542
1457.0,0.018524
1457.5,0.018506
1458.0,0.018488
1458.5,0.018470
1459.0,0.018453
1459.5,0.018435
1460.0,0.018418
1460.5,0.018401
1461.0,0.018384
1461.5,0.018366
1462.0,0.018350
1462.5,0.018333
1463.0,0.018316
1463.5,0.018299
1464.0,0.018283
1464.5,0.018266
1465.0,0.018250
1465.5,0.018234
1466.0,0.018217
1466.5,0.018201
1467.0,0.018185
1467.5,0.018169
1468.0,0.018154
1468.5,0.018138
1469.0,0.018122
1469.5,0.018107
1470.0,0.018091
1470.5,0.018076
1471.0,0.018061
1471.5,0.018046
1472.0,0.018030
1472.5,0.018016
1473.0,0.018001
1473.5,0.017986
1474.0,0.017971
1474.5,0.017957
1475.0,0.017942
1475.5,0.017928
1476.0,0.017913
1476.5,0.017899
1477.0,0.017885
1477.5,0.017871
1478.0,0.017857
1478.5,0.017843
1479.0,0.017829
1479.5,0.017815
1480.0,0.017802
1480.5,0.017788
1481.0,0.017775
1481.5,0.017761
1482.0,0.017748
1482.5,0.017735
1483.0,0.017722
1483.5,0.017708
1484.0,0.017696
1484.5,0.017683
1485.0,0.017670
1485.5,0.017657
1486.0,0.017644
1486.5,0.017632
1487.0,0.017619
1487.5,0.017607
1488.0,0.017595
1488.5,0.017582
1489.0,0.017570
1489.5,0.017558
1490.0,0.017546
1490.5,0.017534
1491.0,0.017522
1491.5,0.017511
1492.0,0.017499
1492.5,0.017487
1493.0,0.017476
1493.5,0.017464
1494.0,0.017453
1494.5,0.017442
1495.0,0.017430
1495.5,0.017419
1496.0,0.017408
1496.5,0.017397
1497.0,0.017386
1497.5,0.017375
1498.0,0.017365
1498.5,0.017354
1499.0,0.017343
1499.5,0.017333
1500.0,0.017322
1500.5,0.017312
1501.0,0.017301
1501.5,0.017291
1502.0,0.017281
1502.5,0.017271
1503.0,0.017261
1503.5,0.017251
1504.0,0.017241
1504.5,0.017231
1505.0,0.017221
1505.5,0.017211
1506.0,0.017202
1506.5,0.017192
1507.0,0.017183
1507.5,0.017173
1508.0,0.017164
1508.5,0.017154
1509.0,0.017145
1509.5,0.017136
1510.0,0.017127
1510.5,0.017118
1511.0,0.017109
1511.5,0.017100
1512.0,0.017091
1512.5,0.017082
1513.0,0.017073
1513.5,0.017065
1514.0,0.017056
1514.5,0.017047
1515.0,0.017039
1515.5,0.017031
1516.0,0.017022
1516.5,0.017014
1517.0,0.017006
1517.5,0.016997
1518.0,0.016989
1518.5,0.016981
1519.0,0.016973
1519.5,0.016965
1520.0,0.016957
1520.5,0.016949
1521.0,0.016942
1521.5,0.016934
1522.0,0.016926
1522.5,0.016919
1523.0,0.016911
1523.5,0.016903
1524.0,0.016896
1524.5,0.016889
1525.0,0.016881
1525.5,0.016874
1526.0,0.016867
1526.5,0.016860
1527.0,0.016852
1527.5,0.016845
1528.0,0.016838
1528.5,0.016831
1529.0,0.016824
1529.5,0.016817
1530.0,0.016811
1530.5,0.016804
1531.0,0.016797
1531.5,0.016790
1532.0,0.016784
1532.5,0.016777
1533.0,0.016771
1533.5,0.016764
1534.0,0.016758
1534.5,0.016751
1535.0,0.016745
1535.5,0.016739
1536.0,0.016733
1536.5,0.016726
1537.0,0.016720
1537.5,0.016714
1538.0,0.016708
1538.5,0.016702
1539.0,0.016696
1539.5,0.016690
1540.0,0.016684
1540.5,0.016678
1541.0,0.016673
1541.5,0.016667
1542.0,0.016661
1542.5,0.016655
1543.0,0.016650
1543.5,0.016644
1544.0,0.016639
1544.5,0.016633
1545.0,0.016628
1545.5,0.016622
1546.0,0.016617
1546.5,0.016612
1547.0,0.016606
1547.5,0.016601
1548.0,0.016596
1548.5,0.016591
1549.0,0.016585
1549.5,0.016580
1550.0,0.016575
1550.5,0.016570
1551.0,0.016565
1551.5,0.016560
1552.0,0.016555
1552.5,0.016550
1553.0,0.016545
1553.5,0.016541
1554.0,0.016536
1554.5,0.016531
1555.0,0.016526
1555.5,0.016522
1556.0,0.016517
1556.5,0.016512
1557.0,0.016508
1557.5,0.016503
1558.0,0.016499
1558.5,0.016494
1559.0,0.016490
1559.5,0.016485
1560.0,0.016481
1560.5,0.016476
1561.0,0.016472
1561.5,0.016468
1562.0,0.016463
1562.5,0.016459
1563.0,0.016455
1563.5,0.016451
1564.0,0.016446
1564.5,0.016442
1565.0,0.016438
1565.5,0.016434
1566.0,0.016430
1566.5,0.016426
1567.0,0.016422
1567.5,0.016418
1568.0,0.016414
1568.5,0.016410
1569.0,0.016406
1569.5,0.016402
1570.0,0.016398
1570.5,0.016394
1571.0,0.016390
1571.5,0.016387
1572.0,0.016383
1572.5,0.016379
1573.0,0.016375
1573.5,0.016371
1574.0,0.016368
1574.5,0.016364
1575.0,0.016360
1575.5,0.016357
1576.0,0.016353
1576.5,0.016349
1577.0,0.016346
1577.5,0.016342
1578.0,0.016339
1578.5,0.016335
1579.0,0.016331
1579.5,0.016328
1580.0,0.016324
1580.5,0.016321
1581.0,0.016317
1581.5,0.016314
1582.0,0.016311
1582.5,0.016307
1583.0,0.016304
1583.5,0.016300
1584.0,0.016297
1584.5,0.016293
1585.0,0.016290
1585.5,0.016287
1586.0,0.016283
1586.5,0.016280
1587.0,0.016277
1587.5,0.016273
1588.0,0.016270
1588.5,0.016267
1589.0,0.016263
1589.5,0.016260
1590.0,0.016257
1590.5,0.016254
1591.0,0.016250
1591.5,0.016247
1592.0,0.016244
1592.5,0.016241
1593.0,0.016237
1593.5,0.016234
1594.0,0.016231
1594.5,0.016228
1595.0,0.016225
1595.5,0.016221
1596.0,0.016218
1596.5,0.016215
1597.0,0.016212
1597.5,0.016209
1598.0,0.016205
1598.5,0.016202
1599.0,0.016199
1599.5,0.016196
1600.0,0.016193
1600.5,0.016190
1601.0,0.016186
1601.5,0.016183
1602.0,0.016180
1602.5,0.016177
1603.0,0.016174
1603.5,0.016171
1604.0,0.016167
1604.5,0.016164
1605.0,0.016161
1605.5,0.016158
1606.0,0.016155
1606.5,0.016151
1607.0,0.016148
1607.5,0.016145
1608.0,0.016142
1608.5,0.016139
1609.0,0.016136
1609.5,0.016132
1610.0,0.016129
1610.5,0.016126
1611.0,0.016123
1611.5,0.016119
1612.0,0.016116
1612.5,0.016113
1613.0,0.016110
1613.5,0.016106
1614.0,0.016103
1614.5,0.016100
1615.0,0.016097
1615.5,0.016093
1616.0,0.016090
1616.5,0.016087
1617.0,0.016083
1617.5,0.016080
1618.0,0.016077
1618.5,0.016073
1619.0,0.016070
1619.5,0.016067
1620.0,0.016063
1620.5,0.016060
1621.0,0.016056
1621.5,0.016053
1622.0,0.016049
1622.5,0.016046
1623.0,0.016043
1623.5,0.016039
1624.0,0.016036
1624.5,0.016032
1625.0,0.016029
1625.5,0.016025
1626.0,0.016021
1626.5,0.016018
1627.0,0.016014
1627.5,0.016011
1628.0,0.016007
1628.5,0.016003
1629.0,0.016000
1629.5,0.015996
1630.0,0.015992
1630.5,0.015988
1631.0,0.015985
1631.5,0.015981
1632.0,0.015977
1632.5,0.015973
1633.0,0.015970
1633.5,0.015966
1634.0,0.015962
1634.5,0.015958
1635.0,0.015954
1635.5,0.015950
1636.0,0.015946
1636.5,0.015942
1637.0,0.015938
1637.5,0.015934
1638.0,0.015930
1638.5,0.015926
1639.0,0.015922
1639.5,0.015918
1640.0,0.015914
1640.5,0.015909
1641.0,0.015905
1641.5,0.015901
1642.0,0.015897
1642.5,0.015893
1643.0,0.015888
1643.5,0.015884
1644.0,0.015880
1644.5,0.015876
1645.0,0.015871
1645.5,0.015867
1646.0,0.015863
1646.5,0.015858
1647.0,0.015854
1647.5,0.015849
1648.0,0.015845
1648.5,0.015840
1649.0,0.015836
1649.5,0.015831
1650.0,0.015827
1650.5,0.015822
1651.0,0.015818
1651.5,0.015813
1652.0,0.015808
1652.5,0.015804
1653.0,0.015799
1653.5,0.015795
1654.0,0.015790
1654.5,0.015785
1655.0,0.015780
1655.5,0.015776
1656.0,0.015771
1656.5,0.015766
1657.0,0.015761
1657.5,0.015756
1658.0,0.015752
1658.5,0.015747
1659.0,0.015742
1659.5,0.015737
1660.0,0.015732
1660.5,0.015727
1661.0,0.015722
1661.5,0.015717
1662.0,0.015712
1662.5,0.015707
1663.0,0.015702
1663.5,0.015697
1664.0,0.015692
1664.5,0.015687
1665.0,0.015682
1665.5,0.015676
1666.0,0.015671
1666.5,0.015666
1667.0,0.015661
1667.5,0.015656
1668.0,0.015650
1668.5,0.015645
1669.0,0.015640
1669.5,0.015635
1670.0,0.015629
1670.5,0.015624
1671.0,0.015619
1671.5,0.015613
1672.0,0.015608
1672.5,0.015602
1673.0,0.015597
1673.5,0.015592
1674.0,0.015586
1674.5,0.015581
1675.0,0.015575
1675.5,0.015570
1676.0,0.015564
1676.5,0.015558
1677.0,0.015553
1677.5,0.015547
1678.0,0.015542
1678.5,0.015536
1679.0,0.015530
1679.5,0.015525
1680.0,0.015519
1680.5,0.015513
1681.0,0.015508
1681.5,0.015502
1682.0,0.015496
1682.5,0.015490
1683.0,0.015485
1683.5,0.015479
1684.0,0.015473
1684.5,0.015467
1685.0,0.015461
1685.5,0.015455
1686.0,0.015449
1686.5,0.015443
1687.0,0.015437
1687.5,0.015431
1688.0,0.015426
1688.5,0.015420
1689.0,0.015413
1689.5,0.015407
1690.0,0.015401
1690.5,0.015395
1691.0,0.015389
1691.5,0.015383
1692.0,0.015377
1692.5,0.015371
1693.0,0.015365
1693.5,0.015359
1694.0,0.015352
1694.5,0.015346
1695.0,0.015340
1695.5,0.015334
1696.0,0.015327
1696.5,0.015321
1697.0,0.015315
1697.5,0.015308
1698.0,0.015302
1698.5,0.015296
1699.0,0.015289
1699.5,0.015283
1700.0,0.015277
1700.5,0.015270
1701.0,0.015264
1701.5,0.015257
1702.0,0.015251
1702.5,0.015244
1703.0,0.015238
1703.5,0.015231
1704.0,0.015225
1704.5,0.015218
1705.0,0.015212
1705.5,0.015205
1706.0,0.015198
1706.5,0.015192
1707.0,0.015185
1707.5,0.015179
1708.0,0.015172
1708.5,0.015165
1709.0,0.015158
1709.5,0.015152
1710.0,0.015145
1710.5,0.015138
1711.0,0.015131
1711.5,0.015125
1712.0,0.015118
1712.5,0.015111
1713.0,0.015104
1713.5,0.015097
1714.0,0.015090
1714.5,0.015084
1715.0,0.015077
1715.5,0.015070
1716.0,0.015063
1716.5,0.015056
1717.0,0.015049
1717.5,0.015042
1718.0,0.015035
1718.5,0.015028
1719.0,0.015021
1719.5,0.015014
1720.0,0.015007
1720.5,0.014999
1721.0,0.014992
1721.5,0.014985
1722.0,0.014978
1722.5,0.014971
1723.0,0.014964
1723.5,0.014957
1724.0,0.014949
1724.5,0.014942
1725.0,0.014935
1725.5,0.014928
1726.0,0.014920
1726.5,0.014913
1727.0,0.014906
1727.5,0.014899
1728.0,0.014891
1728.5,0.014884
1729.0,0.014877
1729.5,0.014869
1730.0,0.014862
1730.5,0.014854
1731.0,0.014847
1731.5,0.014839
1732.0,0.014832
1732.5,0.014825
1733.0,0.014817
1733.5,0.014810
1734.0,0.014802
1734.5,0.014795
1735.0,0.014787
1735.5,0.014779
1736.0,0.014772
1736.5,0.014764
1737.0,0.014757
1737.5,0.014749
1738.0,0.014741
1738.5,0.014734
1739.0,0.014726
1739.5,0.014718
1740.0,0.014711
1740.5,0.014703
1741.0,0.014695
1741.5,0.014687
1742.0,0.014680
1742.5,0.014672
1743.0,0.014664
1743.5,0.014656
1744.0,0.014649
1744.5,0.014641
1745.0,0.014633
1745.5,0.014625
1746.0,0.014617
1746.5,0.014609
1747.0,0.014601
1747.5,0.014593
1748.0,0.014585
1748.5,0.014577
1749.0,0.014570
1749.5,0.014562
1750.0,0.014554
1750.5,0.014546
1751.0,0.014537
1751.5,0.014529
1752.0,0.014521
1752.5,0.014513
1753.0,0.014505
1753.5,0.014497
1754.0,0.014489
1754.5,0.014481
1755.0,0.014473
1755.5,0.014465
1756.0,0.014456
1756.5,0.014448
1757.0,0.014440
1757.5,0.014432
1758.0,0.014424
1758.5,0.014415
1759.0,0.014407
1759.5,0.014399
1760.0,0.014391
1760.5,0.014382
1761.0,0.014374
1761.5,0.014366
1762.0,0.014357
1762.5,0.014349
1763.0,0.014341
1763.5,0.014332
1764.0,0.014324
1764.5,0.014315
1765.0,0.014307
1765.5,0.014299
1766.0,0.014290
1766.5,0.014282
1767.0,0.014273
1767.5,0.014265
1768.0,0.014256
1768.5,0.014248
1769.0,0.014239
1769.5,0.014231
1770.0,0.014222
1770.5,0.014214
1771.0,0.014205
1771.5,0.014196
1772.0,0.014188
1772.5,0.014179
1773.0,0.014171
1773.5,0.014162
1774.0,0.014153
1774.5,0.014145
1775.0,0.014136
1775.5,0.014127
1776.0,0.014118
1776.5,0.014110
1777.0,0.014101
1777.5,0.014092
1778.0,0.014083
1778.5,0.014075
1779.0,0.014066
1779.5,0.014057
1780.0,0.014048
1780.5,0.014039
1781.0,0.014031
1781.5,0.014022
1782.0,0.014013
1782.5,0.014004
1783.0,0.013995
1783.5,0.013986
1784.0,0.013977
1784.5,0.013968
1785.0,0.013959
1785.5,0.013950
1786.0,0.013941
1786.5,0.013932
1787.0,0.013923
1787.5,0.013914
1788.0,0.013905
1788.5,0.013896
1789.0,0.013887
1789.5,0.013878
1790.0,0.013869
1790.5,0.013860
1791.0,0.013851
1791.5,0.013842
1792.0,0.013833
1792.5,0.013824
1793.0,0.013815
1793.5,0.013805
1794.0,0.013796
1794.5,0.013787
1795.0,0.013778
1795.5,0.013769
1796.0,0.013759
1796.5,0.013750
1797.0,0.013741
1797.5,0.013732
1798.0,0.013723
1798.5,0.013713
1799.0,0.013704
1799.5,0.013695
1800.0,0.013685
1800.5,0.013676
1801.0,0.013667
1801.5,0.013657
1802.0,0.013648
1802.5,0.013639
1803.0,0.013629
1803.5,0.013620
1804.0,0.013610
1804.5,0.013601
1805.0,0.013592
1805.5,0.013582
1806.0,0.013573
1806.5,0.013563
1807.0,0.013554
1807.5,0.013544
1808.0,0.013535
1808.5,0.013525
1809.0,0.013516
1809.5,0.013506
1810.0,0.013497
1810.5,0.013487
1811.0,0.013478
1811.5,0.013468
1812.0,0.013459
1812.5,0.013449
1813.0,0.013439
1813.5,0.013430
1814.0,0.013420
1814.5,0.013410
1815.0,0.013401
1815.5,0.013391
1816.0,0.013381
1816.5,0.013372
1817.0,0.013362
1817.5,0.013352
1818.0,0.013343
1818.5,0.013333
1819.0,0.013323
1819.5,0.013313
1820.0,0.013304
1820.5,0.013294
1821.0,0.013284
1821.5,0.013274
1822.0,0.013265
1822.5,0.013255
1823.0,0.013245
1823.5,0.013235
1824.0,0.013225
1824.5,0.013215
1825.0,0.013206
1825.5,0.013196
1826.0,0.013186
1826.5,0.013176
1827.0,0.013166
1827.5,0.013156
1828.0,0.013146
1828.5,0.013136
1829.0,0.013126
1829.5,0.013116
1830.0,0.013106
1830.5,0.013096
1831.0,0.013086
1831.5,0.013076
1832.0,0.013066
1832.5,0.013056
1833.0,0.013046
1833.5,0.013036
1834.0,0.013026
1834.5,0.013016
1835.0,0.013006
1835.5,0.012996
1836.0,0.012986
1836.5,0.012976
1837.0,0.012966
1837.5,0.012956
1838.0,0.012946
1838.5,0.012936
1839.0,0.012925
1839.5,0.012915
1840.0,0.012905
1840.5,0.012895
1841.0,0.012885
1841.5,0.012875
1842.0,0.012864
1842.5,0.012854
1843.0,0.012844
1843.5,0.012834
1844.0,0.012824
1844.5,0.012813
1845.0,0.012803
1845.5,0.012793
1846.0,0.012782
1846.5,0.012772
1847.0,0.012762
1847.5,0.012752
1848.0,0.012741
1848.5,0.012731
1849.0,0.012721
1849.5,0.012710
1850.0,0.012700
1850.5,0.012690
1851.0,0.012679
1851.5,0.012669
1852.0,0.012659
1852.5,0.012648
1853.0,0.012638
1853.5,0.012627
1854.0,0.012617
1854.5,0.012607
1855.0,0.012596
1855.5,0.012586
1856.0,0.012575
1856.5,0.012565
1857.0,0.012554
1857.5,0.012544
1858.0,0.012533
1858.5,0.012523
1859.0,0.012512
1859.5,0.012502
1860.0,0.012491
1860.5,0.012481
1861.0,0.012470
1861.5,0.012460
1862.0,0.012449
1862.5,0.012439
1863.0,0.012428
1863.5,0.012417
1864.0,0.012407
1864.5,0.012396
1865.0,0.012386
1865.5,0.012375
1866.0,0.012365
1866.5,0.012354
1867.0,0.012343
1867.5,0.012333
1868.0,0.012322
1868.5,0.012311
1869.0,0.012301
1869.5,0.012290
1870.0,0.012279
1870.5,0.012269
1871.0,0.012258
1871.5,0.012247
1872.0,0.012237
1872.5,0.012226
1873.0,0.012215
1873.5,0.012204
1874.0,0.012194
1874.5,0.012183
1875.0,0.012172
1875.5,0.012161
1876.0,0.012151
1876.5,0.012140
1877.0,0.012129
1877.5,0.012118
1878.0,0.012107
1878.5,0.012097
1879.0,0.012086
1879.5,0.012075
1880.0,0.012064
1880.5,0.012053
1881.0,0.012042
1881.5,0.012032
1882.0,0.012021
1882.5,0.012010
1883.0,0.011999
1883.5,0.011988
1884.0,0.011977
1884.5,0.011966
1885.0,0.011955
1885.5,0.011945
1886.0,0.011934
1886.5,0.011923
1887.0,0.011912
1887.5,0.011901
1888.0,0.011890
1888.5,0.011879
1889.0,0.011868
1889.5,0.011857
1890.0,0.011846
1890.5,0.011835
1891.0,0.011824
1891.5,0.011813
1892.0,0.011802
1892.5,0.011791
1893.0,0.011780
1893.5,0.011769
1894.0,0.011758
1894.5,0.011747
1895.0,0.011736
1895.5,0.011725
1896.0,0.011714
1896.5,0.011703
1897.0,0.011692
1897.5,0.011681
1898.0,0.011670
1898.5,0.011659
1899.0,0.011648
1899.5,0.011636
1900.0,0.011625
1900.5,0.011614
1901.0,0.011603
1901.5,0.011592
1902.0,0.011581
1902.5,0.011570
1903.0,0.011559
1903.5,0.011548
1904.0,0.011536
1904.5,0.011525
1905.0,0.011514
1905.5,0.011503
1906.0,0.011492
1906.5,0.011481
1907.0,0.011469
1907.5,0.011458
1908.0,0.011447
1908.5,0.011436
1909.0,0.011425
1909.5,0.011413
1910.0,0.011402
1910.5,0.011391
1911.0,0.011380
1911.5,0.011368
1912.0,0.011357
1912.5,0.011346
1913.0,0.011335
1913.5,0.011324
1914.0,0.011312
1914.5,0.011301
1915.0,0.011290
1915.5,0.011278
1916.0,0.011267
1916.5,0.011256
1917.0,0.011245
1917.5,0.011233
1918.0,0.011222
1918.5,0.011211
1919.0,0.011199
1919.5,0.011188
1920.0,0.011177
1920.5,0.011165
1921.0,0.011154
1921.5,0.011143
1922.0,0.011131
1922.5,0.011120
1923.0,0.011109
1923.5,0.011097
1924.0,0.011086
1924.5,0.011075
1925.0,0.011063
1925.5,0.011052
1926.0,0.011041
1926.5,0.011029
1927.0,0.011018
1927.5,0.011006
1928.0,0.010995
1928.5,0.010984
1929.0,0.010972
1929.5,0.010961
1930.0,0.010949
1930.5,0.010938
1931.0,0.010926
1931.5,0.010915
1932.0,0.010904
1932.5,0.010892
1933.0,0.010881
1933.5,0.010869
1934.0,0.010858
1934.5,0.010846
1935.0,0.010835
1935.5,0.010823
1936.0,0.010812
1936.5,0.010801
1937.0,0.010789
1937.5,0.010778
1938.0,0.010766
1938.5,0.010755
1939.0,0.010743
1939.5,0.010732
1940.0,0.010720
1940.5,0.010709
1941.0,0.010697
1941.5,0.010686
1942.0,0.010674
1942.5,0.010663
1943.0,0.010651
1943.5,0.010639
1944.0,0.010628
1944.5,0.010616
1945.0,0.010605
1945.5,0.010593
1946.0,0.010582
1946.5,0.010570
1947.0,0.010559
1947.5,0.010547
1948.0,0.010536
1948.5,0.010524
1949.0,0.010512
1949.5,0.010501
1950.0,0.010489
1950.5,0.010478
1951.0,0.010466
1951.5,0.010455
1952.0,0.010443
1952.5,0.010431
1953.0,0.010420
1953.5,0.010408
1954.0,0.010397
1954.5,0.010385
1955.0,0.010373
1955.5,0.010362
1956.0,0.010350
1956.5,0.010339
1957.0,0.010327
1957.5,0.010315
1958.0,0.010304
1958.5,0.010292
1959.0,0.010280
1959.5,0.010269
1960.0,0.010257
1960.5,0.010246
1961.0,0.010234
1961.5,0.010222
1962.0,0.010211
1962.5,0.010199
1963.0,0.010187
1963.5,0.010176
1964.0,0.010164
1964.5,0.010152
1965.0,0.010141
1965.5,0.010129
1966.0,0.010117
1966.5,0.010106
1967.0,0.010094
1967.5,0.010082
1968.0,0.010071
1968.5,0.010059
1969.0,0.010047
1969.5,0.010036
1970.0,0.010024
1970.5,0.010012
1971.0,0.010001
1971.5,0.009989
1972.0,0.009977
1972.5,0.009965
1973.0,0.009954
1973.5,0.009942
1974.0,0.009930
1974.5,0.009919
1975.0,0.009907
1975.5,0.009895
1976.0,0.009884
1976.5,0.009872
1977.0,0.009860
1977.5,0.009848
1978.0,0.009837
1978.5,0.009825
1979.0,0.009813
1979.5,0.009802
1980.0,0.009790
1980.5,0.009778
1981.0,0.009766
1981.5,0.009755
1982.0,0.009743
1982.5,0.009731
1983.0,0.009719
1983.5,0.009708
1984.0,0.009696
1984.5,0.009684
1985.0,0.009672
1985.5,0.009661
1986.0,0.009649
1986.5,0.009637
1987.0,0.009625
1987.5,0.009614
1988.0,0.009602
1988.5,0.009590
1989.0,0.009578
1989.5,0.009567
1990.0,0.009555
1990.5,0.009543
1991.0,0.009531
1991.5,0.009520
1992.0,0.009508
1992.5,0.009496
1993.0,0.009484
1993.5,0.009473
1994.0,0.009461
1994.5,0.009449
1995.0,0.009437
1995.5,0.009426
1996.0,0.009414
1996.5,0.009402
1997.0,0.009390
1997.5,0.009379
1998.0,0.009367
1998.5,0.009355
1999.0,0.009343
1999.5,0.009331
2000.0,0.009320
2000.5,0.009308
2001.0,0.009296
2001.5,0.009284
2002.0,0.009273
2002.5,0.009261
2003.0,0.009249
2003.5,0.009237
2004.0,0.009226
2004.5,0.009214
2005.0,0.009202
2005.5,0.009190
2006.0,0.009178
2006.5,0.009167
2007.0,0.009155
2007.5,0.009143
2008.0,0.009131
2008.5,0.009120
2009.0,0.009108
2009.5,0.009096
2010.0,0.009084
2010.5,0.009072
2011.0,0.009061
2011.5,0.009049
2012.0,0.009037
2012.5,0.009025
2013.0,0.009014
2013.5,0.009002
2014.0,0.008990
2014.5,0.008978
2015.0,0.008966
2015.5,0.008955
2016.0,0.008943
2016.5,0.008931
2017.0,0.008919
2017.5,0.008908
2018.0,0.008896
2018.5,0.008884
2019.0,0.008872
2019.5,0.008860
2020.0,0.008849
2020.5,0.008837
2021.0,0.008825
2021.5,0.008813
2022.0,0.008802
2022.5,0.008790
2023.0,0.008778
2023.5,0.008766
2024.0,0.008755
2024.5,0.008743
2025.0,0.008731
2025.5,0.008719
2026.0,0.008708
2026.5,0.008696
2027.0,0.008684
2027.5,0.008672
2028.0,0.008660
2028.5,0.008649
2029.0,0.008637
2029.5,0.008625
2030.0,0.008613
2030.5,0.008602
2031.0,0.008590
2031.5,0.008578
2032.0,0.008566
2032.5,0.008555
2033.0,0.008543
2033.5,0.008531
2034.0,0.008519
2034.5,0.008508
2035.0,0.008496
2035.5,0.008484
2036.0,0.008472
2036.5,0.008461
2037.0,0.008449
2037.5,0.008437
2038.0,0.008426
2038.5,0.008414
2039.0,0.008402
2039.5,0.008390
2040.0,0.008379
2040.5,0.008367
2041.0,0.008355
2041.5,0.008343
2042.0,0.008332
2042.5,0.008320
2043.0,0.008308
2043.5,0.008297
2044.0,0.008285
2044.5,0.008273
2045.0,0.008261
2045.5,0.008250
2046.0,0.008238
2046.5,0.008226
2047.0,0.008215
2047.5,0.008203
2048.0,0.008191
2048.5,0.008180
2049.0,0.008168
2049.5,0.008156
2050.0,0.008144
2050.5,0.008133
2051.0,0.008121
2051.5,0.008109
2052.0,0.008098
2052.5,0.008086
2053.0,0.008074
2053.5,0.008063
2054.0,0.008051
2054.5,0.008039
2055.0,0.008028
2055.5,0.008016
2056.0,0.008004
2056.5,0.007993
2057.0,0.007981
2057.5,0.007969
2058.0,0.007958
2058.5,0.007946
2059.0,0.007934
2059.5,0.007923
2060.0,0.007911
2060.5,0.007900
2061.0,0.007888
2061.5,0.007876
2062.0,0.007865
2062.5,0.007853
2063.0,0.007841
2063.5,0.007830
2064.0,0.007818
2064.5,0.007807
2065.0,0.007795
2065.5,0.007783
2066.0,0.007772
2066.5,0.007760
2067.0,0.007749
2067.5,0.007737
2068.0,0.007725
2068.5,0.007714
2069.0,0.007702
2069.5,0.007691
2070.0,0.007679
2070.5,0.007667
2071.0,0.007656
2071.5,0.007644
2072.0,0.007633
2072.5,0.007621
2073.0,0.007610
2073.5,0.007598
2074.0,0.007586
2074.5,0.007575
2075.0,0.007563
2075.5,0.007552
2076.0,0.007540
2076.5,0.007529
2077.0,0.007517
2077.5,0.007506
2078.0,0.007494
2078.5,0.007483
2079.0,0.007471
2079.5,0.007460
2080.0,0.007448
2080.5,0.007437
2081.0,0.007425
2081.5,0.007414
2082.0,0.007402
2082.5,0.007391
2083.0,0.007379
2083.5,0.007368
2084.0,0.007356
2084.5,0.007345
2085.0,0.007333
2085.5,0.007322
2086.0,0.007310
2086.5,0.007299
2087.0,0.007287
2087.5,0.007276
2088.0,0.007265
2088.5,0.007253
2089.0,0.007242
2089.5,0.007230
2090.0,0.007219
2090.5,0.007207
2091.0,0.007196
2091.5,0.007185
2092.0,0.007173
2092.5,0.007162
2093.0,0.007150
2093.5,0.007139
2094.0,0.007128
2094.5,0.007116
2095.0,0.007105
2095.5,0.007094
2096.0,0.007082
2096.5,0.007071
2097.0,0.007059
2097.5,0.007048
2098.0,0.007037
2098.5,0.007025
2099.0,0.007014
2099.5,0.007003
2100.0,0.006991
2100.5,0.006980
2101.0,0.006969
2101.5,0.006957
2102.0,0.006946
2102.5,0.006935
2103.0,0.006924
2103.5,0.006912
2104.0,0.006901
2104.5,0.006890
2105.0,0.006878
2105.5,0.006867
2106.0,0.006856
2106.5,0.006845
2107.0,0.006833
2107.5,0.006822
2108.0,0.006811
2108.5,0.006800
2109.0,0.006788
2109.5,0.006777
2110.0,0.006766
2110.5,0.006755
2111.0,0.006743
2111.5,0.006732
2112.0,0.006721
2112.5,0.006710
2113.0,0.006699
2113.5,0.006687
2114.0,0.006676
2114.5,0.006665
2115.0,0.006654
2115.5,0.006643
2116.0,0.006632
2116.5,0.006621
2117.0,0.006609
2117.5,0.006598
2118.0,0.006587
2118.5,0.006576
2119.0,0.006565
2119.5,0.006554
2120.0,0.006543
2120.5,0.006532
2121.0,0.006520
2121.5,0.006509
2122.0,0.006498
2122.5,0.006487
2123.0,0.006476
2123.5,0.006465
2124.0,0.006454
2124.5,0.006443
2125.0,0.006432
2125.5,0.006421
2126.0,0.006410
2126.5,0.006399
2127.0,0.006388
2127.5,0.006377
2128.0,0.006366
2128.5,0.006355
2129.0,0.006344
2129.5,0.006333
2130.0,0.006322
2130.5,0.006311
2131.0,0.006300
2131.5,0.006289
2132.0,0.006278
2132.5,0.006267
2133.0,0.006256
2133.5,0.006245
2134.0,0.006234
2134.5,0.006223
2135.0,0.006212
2135.5,0.006202
2136.0,0.006191
2136.5,0.006180
2137.0,0.006169
2137.5,0.006158
2138.0,0.006147
2138.5,0.006136
2139.0,0.006125
2139.5,0.006115
2140.0,0.006104
2140.5,0.006093
2141.0,0.006082
2141.5,0.006071
2142.0,0.006060
2142.5,0.006050
2143.0,0.006039
2143.5,0.006028
2144.0,0.006017
2144.5,0.006006
2145.0,0.005996
2145.5,0.005985
2146.0,0.005974
2146.5,0.005963
2147.0,0.005953
2147.5,0.005942
2148.0,0.005931
2148.5,0.005921
2149.0,0.005910
2149.5,0.005899
2150.0,0.005888
2150.5,0.005878
2151.0,0.005867
2151.5,0.005856
2152.0,0.005846
2152.5,0.005835
2153.0,0.005824
2153.5,0.005814
2154.0,0.005803
2154.5,0.005793
2155.0,0.005782
2155.5,0.005771
2156.0,0.005761
2156.5,0.005750
2157.0,0.005740
2157.5,0.005729
2158.0,0.005718
2158.5,0.005708
2159.0,0.005697
2159.5,0.005687
2160.0,0.005676
2160.5,0.005666
2161.0,0.005655
2161.5,0.005645
2162.0,0.005634
2162.5,0.005624
2163.0,0.005613
2163.5,0.005603
2164.0,0.005592
2164.5,0.005582
2165.0,0.005572
2165.5,0.005561
2166.0,0.005551
2166.5,0.005540
2167.0,0.005530
2167.5,0.005519
2168.0,0.005509
2168.5,0.005499
2169.0,0.005488
2169.5,0.005478
2170.0,0.005468
2170.5,0.005457
2171.0,0.005447
2171.5,0.005437
2172.0,0.005426
2172.5,0.005416
2173.0,0.005406
2173.5,0.005395
2174.0,0.005385
2174.5,0.005375
2175.0,0.005364
2175.5,0.005354
2176.0,0.005344
2176.5,0.005334
2177.0,0.005324
2177.5,0.005313
2178.0,0.005303
2178.5,0.005293
2179.0,0.005283
2179.5,0.005273
2180.0,0.005262
2180.5,0.005252
2181.0,0.005242
2181.5,0.005232
2182.0,0.005222
2182.5,0.005212
2183.0,0.005202
2183.5,0.005191
2184.0,0.005181
2184.5,0.005171
2185.0,0.005161
2185.5,0.005151
2186.0,0.005141
2186.5,0.005131
2187.0,0.005121
2187.5,0.005111
2188.0,0.005101
2188.5,0.005091
2189.0,0.005081
2189.5,0.005071
2190.0,0.005061
2190.5,0.005051
2191.0,0.005041
2191.5,0.005031
2192.0,0.005021
2192.5,0.005011
2193.0,0.005001
2193.5,0.004991
2194.0,0.004981
2194.5,0.004972
2195.0,0.004962
2195.5,0.004952
2196.0,0.004942
2196.5,0.004932
2197.0,0.004922
2197.5,0.004912
2198.0,0.004903
2198.5,0.004893
2199.0,0.004883
2199.5,0.004873
2200.0,0.004863
2200.5,0.004854
2201.0,0.004844
2201.5,0.004834
2202.0,0.004824
2202.5,0.004815
2203.0,0.004805
2203.5,0.004795
2204.0,0.004786
2204.5,0.004776
2205.0,0.004766
2205.5,0.004756
2206.0,0.004747
2206.5,0.004737
2207.0,0.004728
2207.5,0.004718
2208.0,0.004708
2208.5,0.004699
2209.0,0.004689
2209.5,0.004679
2210.0,0.004670
2210.5,0.004660
2211.0,0.004651
2211.5,0.004641
2212.0,0.004632
2212.5,0.004622
2213.0,0.004613
2213.5,0.004603
2214.0,0.004594
2214.5,0.004584
2215.0,0.004575
2215.5,0.004565
2216.0,0.004556
2216.5,0.004546
2217.0,0.004537
2217.5,0.004527
2218.0,0.004518
2218.5,0.004508
2219.0,0.004499
2219.5,0.004490
2220.0,0.004480
2220.5,0.004471
2221.0,0.004461
2221.5,0.004452
2222.0,0.004443
2222.5,0.004433
2223.0,0.004424
2223.5,0.004415
2224.0,0.004405
2224.5,0.004396
2225.0,0.004387
2225.5,0.004378
2226.0,0.004368
2226.5,0.004359
2227.0,0.004350
2227.5,0.004341
2228.0,0.004331
2228.5,0.004322
2229.0,0.004313
2229.5,0.004304
2230.0,0.004294
2230.5,0.004285
2231.0,0.004276
2231.5,0.004267
2232.0,0.004258
2232.5,0.004249
2233.0,0.004239
2233.5,0.004230
2234.0,0.004221
2234.5,0.004212
2235.0,0.004203
2235.5,0.004194
2236.0,0.004185
2236.5,0.004176
2237.0,0.004167
2237.5,0.004158
2238.0,0.004149
2238.5,0.004140
2239.0,0.004130
2239.5,0.004121
2240.0,0.004112
2240.5,0.004103
2241.0,0.004094
2241.5,0.004085
2242.0,0.004077
2242.5,0.004068
2243.0,0.004059
2243.5,0.004050
2244.0,0.004041
2244.5,0.004032
2245.0,0.004023
2245.5,0.004014
2246.0,0.004005
2246.5,0.003996
2247.0,0.003987
2247.5,0.003978
2248.0,0.003970
2248.5,0.003961
2249.0,0.003952
2249.5,0.003943
2250.0,0.003934
2250.5,0.003925
2251.0,0.003917
2251.5,0.003908
2252.0,0.003899
2252.5,0.003890
2253.0,0.003882
2253.5,0.003873
2254.0,0.003864
2254.5,0.003855
2255.0,0.003847
2255.5,0.003838
2256.0,0.003829
2256.5,0.003821
2257.0,0.003812
2257.5,0.003803
2258.0,0.003794
2258.5,0.003786
2259.0,0.003777
2259.5,0.003769
2260.0,0.003760
2260.5,0.003751
2261.0,0.003743
2261.5,0.003734
2262.0,0.003725
2262.5,0.003717
2263.0,0.003708
2263.5,0.003700
2264.0,0.003691
2264.5,0.003683
2265.0,0.003674
2265.5,0.003666
2266.0,0.003657
2266.5,0.003649
2267.0,0.003640
2267.5,0.003632
2268.0,0.003623
2268.5,0.003615
2269.0,0.003606
2269.5,0.003598
2270.0,0.003589
2270.5,0.003581
2271.0,0.003572
2271.5,0.003564
2272.0,0.003556
2272.5,0.003547
2273.0,0.003539
2273.5,0.003530
2274.0,0.003522
2274.5,0.003514
2275.0,0.003505
2275.5,0.003497
2276.0,0.003489
2276.5,0.003480
2277.0,0.003472
2277.5,0.003464
2278.0,0.003455
2278.5,0.003447
2279.0,0.003439
2279.5,0.003431
2280.0,0.003422
2280.5,0.003414
2281.0,0.003406
2281.5,0.003398
2282.0,0.003389
2282.5,0.003381
2283.0,0.003373
2283.5,0.003365
2284.0,0.003357
2284.5,0.003348
2285.0,0.003340
2285.5,0.003332
2286.0,0.003324
2286.5,0.003316
2287.0,0.003308
2287.5,0.003300
2288.0,0.003291
2288.5,0.003283
2289.0,0.003275
2289.5,0.003267
2290.0,0.003259
2290.5,0.003251
2291.0,0.003243
2291.5,0.003235
2292.0,0.003227
2292.5,0.003219
2293.0,0.003211
2293.5,0.003203
2294.0,0.003195
2294.5,0.003187
2295.0,0.003179
2295.5,0.003171
2296.0,0.003163
2296.5,0.003155
2297.0,0.003147
2297.5,0.003139
2298.0,0.003131
2298.5,0.003123
2299.0,0.003115
2299.5,0.003107
2300.0,0.003099
2300.5,0.003092
2301.0,0.003084
2301.5,0.003076
2302.0,0.003068
2302.5,0.003060
2303.0,0.003052
2303.5,0.003044
2304.0,0.003037
2304.5,0.003029
2305.0,0.003021
2305.5,0.003013
2306.0,0.003005
2306.5,0.002998
2307.0,0.002990
2307.5,0.002982
2308.0,0.002974
2308.5,0.002967
2309.0,0.002959
2309.5,0.002951
2310.0,0.002943
2310.5,0.002936
2311.0,0.002928
2311.5,0.002920
2312.0,0.002913
2312.5,0.002905
2313.0,0.002897
2313.5,0.002890
2314.0,0.002882
2314.5,0.002874
2315.0,0.002867
2315.5,0.002859
2316.0,0.002852
2316.5,0.002844
2317.0,0.002836
2317.5,0.002829
2318.0,0.002821
2318.5,0.002814
2319.0,0.002806
2319.5,0.002799
2320.0,0.002791
2320.5,0.002784
2321.0,0.002776
2321.5,0.002769
2322.0,0.002761
2322.5,0.002754
2323.0,0.002746
2323.5,0.002739
2324.0,0.002731
2324.5,0.002724
2325.0,0.002716
2325.5,0.002709
2326.0,0.002701
2326.5,0.002694
2327.0,0.002687
2327.5,0.002679
2328.0,0.002672
2328.5,0.002664
2329.0,0.002657
2329.5,0.002650
2330.0,0.002642
2330.5,0.002635
2331.0,0.002628
2331.5,0.002620
2332.0,0.002613
2332.5,0.002606
2333.0,0.002598
2333.5,0.002591
2334.0,0.002584
2334.5,0.002576
2335.0,0.002569
2335.5,0.002562
2336.0,0.002555
2336.5,0.002547
2337.0,0.002540
2337.5,0.002533
2338.0,0.002526
2338.5,0.002518
2339.0,0.002511
2339.5,0.002504
2340.0,0.002497
2340.5,0.002490
2341.0,0.002483
2341.5,0.002475
2342.0,0.002468
2342.5,0.002461
2343.0,0.002454
2343.5,0.002447
2344.0,0.002440
2344.5,0.002433
2345.0,0.002426
2345.5,0.002418
2346.0,0.002411
2346.5,0.002404
2347.0,0.002397
2347.5,0.002390
2348.0,0.002383
2348.5,0.002376
2349.0,0.002369
2349.5,0.002362
2350.0,0.002355
2350.5,0.002348
2351.0,0.002341
2351.5,0.002334
2352.0,0.002327
2352.5,0.002320
2353.0,0.002313
2353.5,0.002306
2354.0,0.002299
2354.5,0.002292
2355.0,0.002285
2355.5,0.002279
2356.0,0.002272
2356.5,0.002265
2357.0,0.002258
2357.5,0.002251
2358.0,0.002244
2358.5,0.002237
2359.0,0.002230
2359.5,0.002223
2360.0,0.002217
2360.5,0.002210
2361.0,0.002203
2361.5,0.002196
2362.0,0.002189
2362.5,0.002183
2363.0,0.002176
2363.5,0.002169
2364.0,0.002162
2364.5,0.002155
2365.0,0.002149
2365.5,0.002142
2366.0,0.002135
2366.5,0.002129
2367.0,0.002122
2367.5,0.002115
2368.0,0.002108
2368.5,0.002102
2369.0,0.002095
2369.5,0.002088
2370.0,0.002082
2370.5,0.002075
2371.0,0.002068
2371.5,0.002062
2372.0,0.002055
2372.5,0.002048
2373.0,0.002042
2373.5,0.002035
2374.0,0.002029
2374.5,0.002022
2375.0,0.002015
2375.5,0.002009
2376.0,0.002002
2376.5,0.001996
2377.0,0.001989
2377.5,0.001983
2378.0,0.001976
2378.5,0.001970
2379.0,0.001963
2379.5,0.001957
2380.0,0.001950
2380.5,0.001944
2381.0,0.001937
2381.5,0.001931
2382.0,0.001924
2382.5,0.001918
2383.0,0.001911
2383.5,0.001905
2384.0,0.001898
2384.5,0.001892
2385.0,0.001886
2385.5,0.001879
2386.0,0.001873
2386.5,0.001866
2387.0,0.001860
2387.5,0.001854
2388.0,0.001847
2388.5,0.001841
2389.0,0.001835
2389.5,0.001828
2390.0,0.001822
2390.5,0.001816
2391.0,0.001809
2391.5,0.001803
2392.0,0.001797
2392.5,0.001790
2393.0,0.001784
2393.5,0.001778
2394.0,0.001772
2394.5,0.001765
2395.0,0.001759
2395.5,0.001753
2396.0,0.001747
2396.5,0.001740
2397.0,0.001734
2397.5,0.001728
2398.0,0.001722
2398.5,0.001716
2399.0,0.001709
2399.5,0.001703
2400.0,0.001697
2400.5,0.001691
2401.0,0.001685
2401.5,0.001679
2402.0,0.001672
2402.5,0.001666
2403.0,0.001660
2403.5,0.001654
2404.0,0.001648
2404.5,0.001642
2405.0,0.001636
2405.5,0.001630
2406.0,0.001624
2406.5,0.001618
2407.0,0.001612
2407.5,0.001606
2408.0,0.001600
2408.5,0.001594
2409.0,0.001588
2409.5,0.001581
2410.0,0.001575
2410.5,0.001570
2411.0,0.001564
2411.5,0.001558
2412.0,0.001552
2412.5,0.001546
2413.0,0.001540
2413.5,0.001534
2414.0,0.001528
2414.5,0.001522
2415.0,0.001516
2415.5,0.001510
2416.0,0.001504
2416.5,0.001498
2417.0,0.001492
2417.5,0.001486
2418.0,0.001481
2418.5,0.001475
2419.0,0.001469
2419.5,0.001463
2420.0,0.001457
2420.5,0.001451
2421.0,0.001446
2421.5,0.001440
2422.0,0.001434
2422.5,0.001428
2423.0,0.001422
2423.5,0.001417
2424.0,0.001411
2424.5,0.001405
2425.0,0.001399
2425.5,0.001394
2426.0,0.001388
2426.5,0.001382
2427.0,0.001376
2427.5,0.001371
2428.0,0.001365
2428.5,0.001359
2429.0,0.001354
2429.5,0.001348
2430.0,0.001342
2430.5,0.001336
2431.0,0.001331
2431.5,0.001325
2432.0,0.001320
2432.5,0.001314
2433.0,0.001308
2433.5,0.001303
2434.0,0.001297
2434.5,0.001291
2435.0,0.001286
2435.5,0.001280
2436.0,0.001275
2436.5,0.001269
2437.0,0.001264
2437.5,0.001258
2438.0,0.001252
2438.5,0.001247
2439.0,0.001241
2439.5,0.001236
2440.0,0.001230
2440.5,0.001225
2441.0,0.001219
2441.5,0.001214
2442.0,0.001208
2442.5,0.001203
2443.0,0.001197
2443.5,0.001192
2444.0,0.001186
2444.5,0.001181
2445.0,0.001176
2445.5,0.001170
2446.0,0.001165
2446.5,0.001159
2447.0,0.001154
2447.5,0.001148
2448.0,0.001143
2448.5,0.001138
2449.0,0.001132
2449.5,0.001127
2450.0,0.001122
2450.5,0.001116
2451.0,0.001111
2451.5,0.001106
2452.0,0.001100
2452.5,0.001095
2453.0,0.001090
2453.5,0.001084
2454.0,0.001079
2454.5,0.001074
2455.0,0.001068
2455.5,0.001063
2456.0,0.001058
2456.5,0.001053
2457.0,0.001047
2457.5,0.001042
2458.0,0.001037
2458.5,0.001032
2459.0,0.001027
2459.5,0.001021
2460.0,0.001016
2460.5,0.001011
2461.0,0.001006
2461.5,0.001001
2462.0,0.000995
2462.5,0.000990
2463.0,0.000985
2463.5,0.000980
2464.0,0.000975
2464.5,0.000970
2465.0,0.000964
2465.5,0.000959
2466.0,0.000954
2466.5,0.000949
2467.0,0.000944
2467.5,0.000939
2468.0,0.000934
2468.5,0.000929
2469.0,0.000924
2469.5,0.000919
2470.0,0.000914
2470.5,0.000909
2471.0,0.000904
2471.5,0.000899
2472.0,0.000894
2472.5,0.000889
2473.0,0.000884
2473.5,0.000879
2474.0,0.000874
2474.5,0.000869
2475.0,0.000864
2475.5,0.000859
2476.0,0.000854
2476.5,0.000849
2477.0,0.000844
2477.5,0.000839
2478.0,0.000834
2478.5,0.000829
2479.0,0.000824
2479.5,0.000819
2480.0,0.000814
2480.5,0.000809
2481.0,0.000805
2481.5,0.000800
2482.0,0.000795
2482.5,0.000790
2483.0,0.000785
2483.5,0.000780
2484.0,0.000775
2484.5,0.000771
2485.0,0.000766
2485.5,0.000761
2486.0,0.000756
2486.5,0.000751
2487.0,0.000747
2487.5,0.000742
2488.0,0.000737
2488.5,0.000732
2489.0,0.000728
2489.5,0.000723
2490.0,0.000718
2490.5,0.000713
2491.0,0.000709
2491.5,0.000704
2492.0,0.000699
2492.5,0.000694
2493.0,0.000690
2493.5,0.000685
2494.0,0.000680
2494.5,0.000676
2495.0,0.000671
2495.5,0.000666
2496.0,0.000662
2496.5,0.000657
2497.0,0.000652
2497.5,0.000648
2498.0,0.000643
2498.5,0.000639
2499.0,0.000634
2499.5,0.000629
2500.0,0.000000
